Verkiezing;;Gemeenteraad Hoorn 2022;;;;;;;;;;;;;;;;;;;;;;;;;;;;;;;;;;;;
Datum;;2022-03-16;;;;;;;;;;;;;;;;;;;;;;;;;;;;;;;;;;;;
Gebied;;Gemeente Hoorn;;;;;;;;;;;;;;;;;;;;;;;;;;;;;;;;;;;;
Nummer;;0405;;;;;;;;;;;;;;;;;;;;;;;;;;;;;;;;;;;;
;;;;;;;;;;;;;;;;;;;;;;;;;;;;;;;;;;;;;;
Lijstnummer;Aanduiding;Volgnummer;Naam kandidaat;Totaal;Stembureau Schouwburg het Park;Stembureau Oosterkerk Hoorn;Stembureau Showband Hoorn;Stembureau Wijkcentrum Grote Waal;Stembureau Museumstoomtram;Stembureau Wijkcentrum De Zaagtand;Stembureau Praethuys 't Slot;Stembureau Stadhuis;Stembureau Wijkcentrum De Huesmolen;Stembureau Westfries Archief;Stembureau West-Friese Hockeyclub Hoorn;Stembureau Sportcafe - De Opgang;"Stembureau Stichting Cultureel Centrum Zwaag ""De Plataan""";Stembureau MFA De Kreek;Stembureau S.V. Westfriezen;Stembureau Sporthal Lingeweg (Adoshal);Stembureau Sint Michaëlskerk Blokker;Stembureau Wijkcentrum Kersenboogerd;Stembureau Scoutinggroep Martin Luther King;Stembureau Sporthal Charlotte van Pallandthof;Stembureau Basisschool Dynamis;Stembureau Basisschool Het Spectrum;Stembureau Wijkcentrum Grote Waal;Stembureau Museumstoomtram;Stembureau Stadhuis;Stembureau Plataan;Stembureau Sint Michaëlskerk Blokker;Stembureau Sporhal Charlotte van Pallandthof;Stembureau Wijkcentrum Grote Waal;Stembureau Museumstoomtram;Stembureau Stadhuis;Stembureau Plataan;Stembureau Sint Michaëlskerk Blokker;Stembureau Sporthal Charlotte van Pallandthof
Gebiednummer;;;;;1;2;3;4;5;6;7;8;9;10;11;12;13;14;15;16;17;18;19;20;21;22;104;105;108;113;117;120;204;205;208;213;217;220
Postcode;;;;;1621 LE;1621 X;1621 GK;1622 ES;1624 NN;1624 VW;1623 JD;1625 HV;1625 HZ;1625 NT;1689 VR;1689 NT;1689 GM;1689 XD;1689 EJ;1628 AW;1695 AH;1628 LZ;1620 GB;1628 ZJ;1628 TR;1628 XH;1622 ES;1624 NN;1625 HV;1689 GM;1695 AH;1628 ZJ;1622 ES;1624 NN;1625 HV;1689 GM;1695 AH;1628 ZJ
;opgeroepenen;;;0;0;0;0;0;0;0;0;0;0;0;0;0;0;0;0;0;0;0;0;0;0;0;0;0;0;0;0;0;0;0;0;0;0;0
;geldige stempas;;;24705;661;1260;666;1013;527;946;667;1081;1498;342;639;1185;655;1397;411;478;810;1387;247;430;1290;848;440;431;857;317;515;279;595;514;1039;394;524;362
;geldig volmachtbewijs;;;2829;70;155;83;120;55;137;62;158;166;46;81;144;75;190;52;67;98;145;27;63;177;120;0;45;96;31;41;17;33;56;96;31;40;52
;geldige kiezerspas;;;2;0;0;0;0;0;0;0;0;0;0;0;2;0;0;0;0;0;0;0;0;0;0;0;0;0;0;0;0;0;0;0;0;0;0
;toegelaten kiezers;;;27536;731;1415;749;1133;582;1083;729;1239;1664;388;720;1331;730;1587;463;545;908;1532;274;493;1467;968;440;476;953;348;556;296;628;570;1135;425;564;414
;geldige stembiljetten;;;27375;725;1409;744;1124;578;1077;723;1234;1652;386;720;1318;720;1580;459;539;901;1516;268;491;1457;966;439;475;951;346;553;295;628;567;1133;425;563;413
;blanco stembiljetten;;;83;4;5;6;1;2;1;5;1;11;1;1;4;3;7;0;2;6;4;2;2;8;1;1;0;1;0;2;1;0;0;1;0;0;0
;ongeldige stembiljetten;;;79;1;2;1;7;2;5;1;4;1;0;1;6;7;1;4;4;1;12;4;0;2;2;0;1;1;2;1;0;0;3;1;0;1;1
;aangetroffen stembiljetten;;;27537;730;1416;751;1132;582;1083;729;1239;1664;387;722;1328;730;1588;463;545;908;1532;274;493;1467;969;440;476;953;348;556;296;628;570;1135;425;564;414
;meer stembiljetten dan toegelaten kiezers;;;9;0;1;2;0;0;0;0;0;0;0;2;0;0;1;0;0;0;2;0;0;0;1;0;0;0;0;0;0;0;0;0;0;0;0
;minder stembiljetten dan toegelaten kiezers;;;6;1;0;0;1;0;0;0;0;0;1;0;3;0;0;0;0;0;0;0;0;0;0;0;0;0;0;0;0;0;0;0;0;0;0
;kiezers met stembiljet hebben niet gestemd;;;3;0;0;0;0;0;0;0;0;0;0;0;3;0;0;0;0;0;0;0;0;0;0;0;0;0;0;0;0;0;0;0;0;0;0
;er zijn te weinig stembiljetten uitgereikt;;;1;1;0;0;0;0;0;0;0;0;0;0;0;0;0;0;0;0;0;0;0;0;0;0;0;0;0;0;0;0;0;0;0;0;0
;er zijn te veel stembiljetten uitgereikt;;;3;0;0;0;0;0;0;0;0;0;0;1;0;0;0;0;0;0;2;0;0;0;0;0;0;0;0;0;0;0;0;0;0;0;0
;geen verklaring;;;6;0;1;0;1;0;0;0;0;0;1;1;0;0;1;0;0;0;0;0;0;0;1;0;0;0;0;0;0;0;0;0;0;0;0
;andere verklaring;;;2;0;0;2;0;0;0;0;0;0;0;0;0;0;0;0;0;0;0;0;0;0;0;0;0;0;0;0;0;0;0;0;0;0;0
1;Fractie Tonnaer;;;3994;103;185;97;153;69;148;91;216;229;46;90;120;63;211;56;73;184;258;23;49;206;130;116;79;182;54;105;37;118;78;203;75;98;49
;;1;Tonnaer, R.L.H.C.M.;2267;70;117;53;95;48;94;56;159;157;28;52;65;35;97;35;30;90;96;12;11;103;56;69;59;124;37;45;9;77;48;135;43;45;17
;;2;Broersma, S.;296;11;26;7;9;8;7;9;14;20;1;12;6;12;30;3;4;13;18;1;3;6;4;14;3;11;5;4;6;7;2;6;3;10;1
;;3;Rijk, M.A.;448;13;22;19;17;7;18;6;16;23;4;8;18;6;20;6;10;18;20;2;4;14;16;15;9;22;4;14;4;15;13;34;10;11;10
;;4;de Vries, N.G.E.M.;64;0;1;0;1;0;2;0;1;1;3;0;2;1;10;1;0;10;2;0;0;0;6;0;1;6;0;3;0;0;0;2;3;4;4
;;5;van der Knaap, E.H.;197;0;2;3;2;0;9;8;5;3;3;5;10;1;0;1;9;3;46;4;2;24;8;0;2;5;2;5;6;5;4;12;1;3;4
;;6;Jansen, J.B.;10;0;0;0;0;0;0;0;0;1;0;1;1;1;3;1;0;0;0;0;1;0;0;0;0;0;0;1;0;0;0;0;0;0;0
;;7;Roosje, W.G.C.;27;0;1;6;4;0;0;2;1;0;0;0;0;1;0;0;1;1;2;0;0;0;1;1;0;1;0;0;0;2;0;0;1;1;1
;;8;van Houten, R.;226;0;5;4;7;2;2;3;6;7;1;4;3;3;6;4;7;5;46;2;8;46;16;0;0;6;3;11;1;0;2;1;3;9;3
;;9;Helelespe, L.;172;7;4;3;7;0;11;4;4;6;0;2;4;0;23;2;6;4;15;0;15;5;18;5;0;0;0;0;8;3;7;3;3;0;3
;;10;Oudheusden, S.N.G.;41;1;0;0;6;1;1;0;1;1;0;2;0;1;0;0;0;3;3;1;0;0;0;3;3;1;0;2;0;5;0;4;2;0;0
;;11;Ustasia, B.A.;117;0;2;1;2;2;1;3;3;3;3;1;1;2;16;3;5;24;4;0;1;1;4;2;1;1;1;12;0;1;1;1;3;9;3
;;12;Vos, H.;4;0;1;0;1;0;0;0;0;0;0;0;0;0;0;0;0;0;1;0;0;0;0;0;0;0;0;0;0;0;0;1;0;0;0
;;13;Burchartz, F.C.;12;0;0;0;0;0;0;0;0;0;0;0;0;0;0;0;0;5;1;0;3;0;0;0;1;1;0;0;0;0;0;0;0;1;0
;;14;Plug Höhne-Sparborth, C.E.;2;0;0;0;0;0;0;0;0;0;0;0;1;0;0;0;0;0;0;0;0;0;0;0;0;0;0;0;1;0;0;0;0;0;0
;;15;Hubers, G.J.;24;0;2;0;0;0;3;0;4;3;0;1;2;0;0;0;0;1;2;1;0;0;0;0;0;0;2;0;2;0;0;0;1;0;0
;;16;Tonneman, J.;9;0;0;1;2;0;0;0;0;0;0;2;1;0;0;0;1;1;0;0;0;0;0;1;0;0;0;0;0;0;0;0;0;0;0
;;17;Hermans - Kroese, J.E.;13;0;1;0;0;0;0;0;0;0;0;0;4;0;1;0;0;0;1;0;0;0;1;0;0;1;0;0;0;1;1;0;0;1;1
;;18;Dekker, J.W.J.M.;25;0;0;0;0;1;0;0;1;1;0;0;1;0;2;0;0;3;0;0;1;2;0;0;0;2;0;6;0;0;0;1;2;2;0
;;19;Schrik, J.H.;8;0;0;0;0;0;0;0;0;1;0;0;0;0;0;0;0;0;0;0;0;0;0;5;0;0;0;0;0;2;0;0;0;0;0
;;20;Egtberts, O.J.;12;0;0;0;0;0;0;0;0;0;0;0;1;0;3;0;0;0;1;0;0;3;0;1;0;0;0;1;0;0;0;0;0;1;1
;;21;Kerckhoffs, J.H.;20;1;1;0;0;0;0;0;1;2;3;0;0;0;0;0;0;3;0;0;0;2;0;0;0;1;0;1;0;0;0;3;0;1;1
2;ÉénHoorn;;;2779;71;122;89;133;50;129;90;103;180;27;71;155;55;106;30;81;60;190;48;46;156;88;64;42;118;15;45;29;75;59;129;30;48;45
;;1;Baas-Hakhoff, K.;1300;22;49;36;66;21;55;39;49;76;11;28;57;31;47;9;32;42;99;22;32;82;41;32;22;65;9;25;15;31;29;59;17;29;21
;;2;Breuker, G.A.;141;2;5;6;5;8;5;2;6;16;5;3;10;3;7;0;5;1;5;2;2;5;6;2;5;4;1;0;2;5;2;5;2;4;0
;;3;Vinkenborg, R.J.;162;6;7;8;11;6;13;14;3;7;0;1;5;1;5;0;3;0;4;1;1;10;1;3;0;6;1;3;1;6;7;12;6;5;5
;;4;Ruppert, A.S.;174;7;3;5;12;2;13;6;5;8;3;1;6;3;5;2;5;3;7;1;4;13;10;14;5;6;0;4;1;7;4;5;2;1;1
;;5;van Beusekom, A.;45;7;0;0;0;0;2;0;3;4;1;1;2;0;1;0;0;3;4;3;1;0;1;0;1;3;0;1;1;1;0;4;0;0;1
;;6;Peerdeman, P.J.A.;84;4;6;2;1;1;7;1;6;5;0;0;5;5;0;4;3;0;6;0;0;3;1;0;0;6;0;1;1;2;3;9;0;0;2
;;7;Webster, C.B.;60;0;2;0;1;1;0;1;2;5;1;16;4;0;6;3;0;0;4;1;0;4;1;0;0;1;1;2;0;1;0;2;1;0;0
;;8;Gravendijk-Jacobs, R.I.;130;5;26;6;5;4;3;4;4;4;0;3;5;0;4;2;4;2;10;5;0;4;4;1;2;3;0;2;0;5;2;5;0;1;5
;;9;Doodeman, N.;43;2;0;0;0;0;2;0;2;3;0;0;1;0;1;2;1;2;2;1;0;7;5;2;0;0;0;1;0;3;0;6;0;0;0
;;10;Hakhoff, S.A.J.;70;0;5;4;6;4;1;5;1;1;0;4;4;0;5;0;6;0;5;0;2;1;2;1;2;2;0;0;1;2;0;4;0;1;1
;;11;Steiger, S.;36;1;0;1;0;0;2;2;0;2;0;1;1;1;2;0;0;1;7;2;0;6;1;0;0;2;0;0;0;1;0;0;0;1;2
;;12;van Westen, A.;31;0;1;2;1;1;2;0;1;4;0;1;3;0;3;0;2;0;1;0;0;1;0;1;0;2;0;0;0;1;0;2;0;0;2
;;13;de Vries, K.;7;0;0;0;2;0;0;0;0;0;0;0;0;0;1;0;1;0;0;0;0;0;0;2;0;0;0;0;0;0;1;0;0;0;0
;;14;van Dijk, J.B.;54;6;3;9;0;1;5;0;0;4;0;2;5;0;3;0;1;0;1;2;0;1;0;0;3;0;0;0;1;0;3;3;1;0;0
;;15;Kamphuis, J.F.M.;24;0;1;0;0;0;1;0;3;3;0;1;4;0;0;0;1;0;4;0;0;0;0;0;0;1;0;0;2;0;1;1;0;0;1
;;16;Raats, S.R.;27;0;0;1;0;0;0;1;5;5;0;0;0;0;9;1;0;0;2;0;0;1;0;0;0;0;0;0;0;0;0;2;0;0;0
;;17;Blouw, A.;41;0;0;0;5;0;4;1;1;7;1;3;4;0;0;3;0;1;0;0;0;0;0;0;0;7;0;0;0;2;1;0;0;1;0
;;18;Bikkers, Y.;15;0;1;0;0;0;0;0;1;1;0;1;1;0;1;0;2;1;1;0;0;1;0;0;0;2;0;0;0;0;0;0;0;1;1
;;19;Nannings, M.C.P.;39;4;5;2;1;0;4;3;1;1;1;0;0;2;0;0;0;0;2;1;0;1;0;1;0;4;0;0;0;0;0;5;0;1;0
;;20;van der Gracht, J.;124;3;4;2;12;0;6;7;5;7;2;1;5;3;1;4;8;3;15;4;0;5;7;1;0;4;2;2;3;1;4;1;0;0;2
;;21;Klerks, J.;12;0;0;0;1;0;0;0;0;2;1;0;3;0;1;0;0;0;1;0;0;0;1;0;0;0;0;0;0;1;0;1;0;0;0
;;22;Doodeman, R.G.M.;1;0;0;0;0;0;0;0;0;0;0;0;0;0;0;0;0;0;0;0;0;1;0;0;0;0;0;0;0;0;0;0;0;0;0
;;23;Veerman-Silver, W.;4;0;0;0;0;0;0;0;1;0;0;0;0;0;0;0;1;0;0;0;1;1;0;0;0;0;0;0;0;0;0;0;0;0;0
;;24;Klerks-Hoen, K.J.A.;35;0;1;1;0;0;1;2;0;6;0;0;10;2;1;0;2;0;1;0;0;1;4;0;1;0;1;0;0;0;0;1;0;0;0
;;25;Blom, P.R.;10;0;0;0;0;0;0;0;3;0;0;0;3;0;1;0;0;0;0;0;0;0;0;3;0;0;0;0;0;0;0;0;0;0;0
;;26;Doodeman-Stuurman, M.;6;0;0;0;1;0;0;0;0;0;0;0;1;0;0;0;0;0;2;0;0;1;1;0;0;0;0;0;0;0;0;0;0;0;0
;;27;Schipper, P.J.;0;0;0;0;0;0;0;0;0;0;0;0;0;0;0;0;0;0;0;0;0;0;0;0;0;0;0;0;0;0;0;0;0;0;0
;;28;Otten, G.J.H.;27;0;1;2;0;1;0;0;0;3;0;2;0;1;0;0;2;0;4;2;0;2;0;0;0;0;0;1;1;1;1;2;0;0;1
;;29;Philipse-Blom, T.E.;7;1;0;0;1;0;0;0;0;1;0;0;0;0;0;0;0;0;1;0;3;0;0;0;0;0;0;0;0;0;0;0;0;0;0
;;30;Buijs, H.M.J.;13;1;0;1;0;0;0;0;0;1;0;0;0;0;0;0;1;0;0;0;0;0;0;0;1;0;0;3;0;5;0;0;0;0;0
;;31;Baas, A.T.;7;0;1;1;0;0;1;0;0;0;0;0;0;0;0;0;0;0;2;0;0;0;2;0;0;0;0;0;0;0;0;0;0;0;0
;;32;van der Maat, J.A.;50;0;1;0;2;0;2;2;1;4;1;2;16;3;2;0;1;1;0;1;0;5;0;1;0;0;0;0;0;0;1;0;1;3;0
3;VVD;;;2500;84;161;88;82;40;102;57;96;110;29;58;99;74;197;48;34;69;94;16;66;167;147;16;27;80;26;52;47;36;58;97;39;55;49
;;1;van der Ven, M.;1450;41;80;49;44;21;59;35;46;77;16;27;57;42;119;27;24;42;53;13;36;109;83;8;12;51;14;36;31;19;35;61;23;31;29
;;2;Bos, B.;249;12;31;11;9;6;5;6;11;7;3;7;7;6;15;4;2;3;14;2;7;12;9;4;2;7;2;7;1;6;7;9;5;7;3
;;3;Droste, R.;167;6;18;7;4;7;11;4;7;4;0;6;10;1;13;3;2;3;5;0;2;11;12;2;1;4;3;0;3;0;1;6;5;5;1
;;4;Sluis, M.D.N.;111;13;7;4;3;0;9;2;4;4;1;2;3;1;3;2;0;0;11;0;4;4;12;0;5;2;0;1;2;2;4;5;0;0;1
;;5;Mengerink, M.;56;5;0;5;2;0;4;3;3;2;0;2;2;0;3;0;0;0;0;0;3;4;3;0;2;4;2;0;0;1;1;3;1;0;1
;;6;Hak, S.G.C.;143;3;13;5;10;2;3;5;8;5;4;9;6;4;16;5;2;3;1;1;3;5;1;1;3;2;2;2;5;2;2;3;4;1;2
;;7;Yousufi, A.Y.;38;0;1;0;3;0;0;0;1;1;1;0;3;0;2;2;0;2;0;0;0;2;3;1;0;2;0;1;0;0;1;2;0;6;4
;;8;Faber, B.D.;30;2;3;0;0;0;1;2;2;0;0;0;0;2;1;0;2;3;2;0;0;3;2;0;0;0;0;2;0;2;0;0;0;1;0
;;9;Hafi, M.A.;11;0;0;0;0;1;0;0;1;0;2;1;1;0;1;0;0;0;2;0;0;0;1;0;0;0;0;0;0;0;0;1;0;0;0
;;10;Lindenbergh, E.;40;0;1;0;1;1;0;0;2;1;0;2;2;8;9;1;0;0;2;0;3;3;3;0;0;0;0;0;1;0;0;0;0;0;0
;;11;de Gast, C.;17;0;0;0;1;0;0;0;1;2;0;0;0;0;2;0;0;0;0;0;0;1;1;0;0;5;0;0;1;0;0;1;0;1;1
;;12;Heijtlager, F.E.;13;0;1;0;0;0;0;0;0;0;0;0;0;1;0;0;0;0;0;0;6;1;3;0;0;0;0;0;0;0;0;0;0;0;1
;;13;Chauke, G.C.;9;0;0;0;0;0;0;0;0;0;0;1;0;0;0;0;1;0;1;0;0;5;1;0;0;0;0;0;0;0;0;0;0;0;0
;;14;Sluis, I.F.;28;0;2;1;1;0;2;0;2;3;0;0;3;1;2;0;0;0;0;0;1;0;2;0;0;0;0;0;0;3;0;4;0;0;1
;;15;Medik, W.M.;11;0;0;2;1;1;1;0;0;0;0;0;0;0;1;0;0;1;0;0;0;0;1;0;1;1;0;0;0;0;1;0;0;0;0
;;16;Goede, W.H.;18;0;1;0;0;0;2;0;0;2;0;0;3;1;0;0;0;0;2;0;1;1;1;0;0;1;0;0;1;0;0;1;0;0;1
;;17;Louwman, R.J.;38;0;2;0;0;1;3;0;4;1;1;0;0;1;2;2;0;0;1;0;0;3;7;0;0;0;0;0;2;1;3;0;0;1;3
;;18;Medik, C.J.;5;0;0;1;1;0;1;0;0;0;0;0;0;0;1;0;0;0;0;0;0;0;0;0;0;0;0;0;0;0;1;0;0;0;0
;;19;Mell, J.;8;0;0;0;1;0;0;0;0;0;0;0;0;1;3;0;0;0;0;0;0;0;0;0;1;0;0;0;0;0;0;0;1;0;1
;;20;Toereppel, K.;2;0;0;0;0;0;0;0;1;0;0;0;0;0;0;0;0;1;0;0;0;0;0;0;0;0;0;0;0;0;0;0;0;0;0
;;21;Strik, M.L.;15;0;0;3;0;0;1;0;0;0;1;0;1;3;1;1;0;2;0;0;0;0;0;0;0;0;0;2;0;0;0;0;0;0;0
;;22;van Dijkhuizen, G.;10;1;0;0;0;0;0;0;1;0;0;0;1;0;0;1;1;0;0;0;0;1;1;0;0;1;0;0;0;0;0;0;0;2;0
;;23;van Hilten, W.;31;1;1;0;1;0;0;0;2;1;0;1;0;2;3;0;0;9;0;0;0;2;1;0;0;0;3;1;0;0;2;1;0;0;0
4;GROENLINKS;;;2796;100;195;97;139;82;115;98;116;203;54;64;131;59;122;34;64;83;163;27;50;129;65;34;61;73;22;44;17;62;67;123;33;39;31
;;1;Drommel, R.E.;642;10;32;22;44;22;30;12;27;47;15;8;24;24;29;13;14;26;50;9;7;25;10;8;13;19;6;15;3;16;11;34;8;5;4
;;2;Lallhit, S.D.;280;8;11;4;12;6;10;9;13;24;5;7;18;3;20;1;17;11;12;0;12;16;18;1;4;7;0;4;3;3;7;7;2;1;4
;;3;van der Bijl, M.T.;755;27;74;29;37;18;33;31;29;49;9;24;22;16;27;13;17;18;34;8;15;42;23;10;18;21;7;11;3;21;11;33;5;9;11
;;4;Kukler, J.W.A.;49;0;4;1;2;1;1;2;6;3;2;0;1;3;1;0;0;0;4;0;0;2;0;0;0;4;1;1;1;2;0;6;0;0;1
;;5;Beuken, J.L.;331;15;35;13;15;14;10;17;16;21;8;7;23;1;13;3;4;7;13;3;3;14;7;3;13;5;0;1;0;4;18;14;5;6;0
;;6;van Os, E.A.C.G.M.;92;10;5;3;2;2;3;2;3;3;2;1;7;2;2;1;2;5;7;1;4;6;0;2;1;3;1;1;0;1;1;6;1;0;2
;;7;Klaassen Bos, R.;32;5;3;1;2;1;0;2;0;3;4;0;2;0;3;0;0;0;1;0;0;1;2;1;1;0;0;0;0;0;0;0;0;0;0
;;8;Deen, R.;81;2;3;5;3;3;4;6;2;8;0;1;2;0;5;1;3;0;4;1;1;4;0;1;3;2;0;0;0;1;2;5;2;4;3
;;9;Dumas, R.;18;0;0;0;0;0;0;0;0;5;1;1;2;0;1;0;0;1;0;0;0;3;0;0;0;0;0;1;0;0;0;3;0;0;0
;;10;Ligthart, A.M.;45;2;4;1;0;0;3;2;3;3;0;2;0;3;1;2;0;1;2;1;0;5;0;0;0;5;0;0;1;1;1;1;0;1;0
;;11;Truijens, D.M.;22;1;2;3;1;0;2;2;0;2;0;0;1;0;1;0;0;0;1;0;0;0;0;0;1;0;0;0;0;2;1;1;0;1;0
;;12;de Glas, Y.;12;0;1;0;0;0;1;2;0;0;0;1;1;0;0;0;0;1;2;0;0;0;0;0;0;0;0;0;0;0;0;2;0;1;0
;;13;Rote, R.;9;1;0;0;0;0;0;0;0;1;0;0;0;0;1;0;0;0;2;0;0;0;1;0;0;0;0;1;0;0;0;0;0;2;0
;;14;de Graaf, L.J.;18;0;1;0;0;0;0;2;2;2;2;0;3;0;0;0;0;0;2;0;0;0;0;0;1;0;0;0;0;1;0;2;0;0;0
;;15;Bakker, N.C.M.;12;1;0;0;0;0;2;2;1;0;0;0;0;0;0;0;0;0;0;1;0;1;0;0;0;0;0;0;0;0;0;0;2;2;0
;;16;Kemner, F.M.;35;0;1;2;0;1;2;0;2;3;0;5;2;2;3;0;0;4;0;0;1;0;0;2;0;0;1;0;0;0;1;2;1;0;0
;;17;Kok, M.K.;11;0;1;0;1;2;0;0;1;1;0;0;0;0;0;0;0;1;1;1;0;0;0;0;0;0;0;0;0;0;2;0;0;0;0
;;18;de Glas, F.J.;15;1;0;0;1;0;0;0;1;1;0;0;1;0;0;0;1;3;3;0;0;1;0;0;0;0;0;0;0;1;0;0;1;0;0
;;19;van der Oord, M.T.;6;1;0;1;0;0;2;0;0;0;0;0;0;0;0;0;0;0;0;0;0;0;0;0;0;0;0;2;0;0;0;0;0;0;0
;;20;Broers, C.M.;16;0;0;2;0;2;0;2;1;1;1;0;0;1;0;0;0;0;1;0;0;1;0;0;0;0;0;2;0;0;0;0;1;0;1
;;21;Wybenga, H.A.A.;11;2;1;0;0;0;0;0;0;2;2;0;0;0;0;0;0;0;0;0;0;0;0;1;0;0;0;0;0;0;3;0;0;0;0
;;22;Deen, D.;16;4;0;1;2;0;0;0;1;2;0;0;3;0;0;0;1;0;1;0;0;0;0;0;0;0;0;0;0;0;1;0;0;0;0
;;23;Knibbe, P.J.W.;4;1;0;0;1;0;0;0;0;0;0;0;1;0;0;0;0;0;0;0;0;0;0;0;1;0;0;0;0;0;0;0;0;0;0
;;24;Granini, D.L.M.;21;0;0;0;2;0;0;0;1;1;1;1;3;0;1;0;0;0;1;0;0;3;0;1;0;0;0;0;2;1;2;0;0;1;0
;;25;Eiting, W.;10;0;2;0;1;0;1;0;0;0;0;0;0;0;1;0;0;1;0;0;0;0;1;0;0;0;0;0;2;0;0;0;0;0;1
;;26;Jeurissen, R.;21;3;3;2;2;0;0;0;0;0;0;0;0;0;3;0;0;0;2;1;0;0;0;2;0;1;0;0;0;1;1;0;0;0;0
;;27;Mol, X.A.;5;0;0;0;0;0;0;0;0;0;0;0;1;0;1;0;0;0;2;0;0;0;0;0;0;1;0;0;0;0;0;0;0;0;0
;;28;Sanders, M.V.A.;20;2;1;3;1;0;1;0;0;3;0;0;0;1;0;0;1;0;0;0;0;1;0;0;1;0;0;0;1;0;1;1;0;1;1
;;29;Mol, R.;1;0;0;0;0;0;0;0;0;0;0;0;1;0;0;0;0;0;0;0;0;0;0;0;0;0;0;0;0;0;0;0;0;0;0
;;30;Blaak, K.;3;0;0;0;0;0;0;0;0;0;0;0;0;0;1;0;0;0;0;0;0;0;0;0;0;0;0;2;0;0;0;0;0;0;0
;;31;Wijnen, O.P.;9;0;0;1;2;1;1;0;1;0;0;0;0;0;0;0;0;0;0;0;0;1;0;0;0;0;0;0;0;1;0;0;0;0;1
;;32;Vleerlaag, M.A.;14;0;2;0;0;1;1;1;0;1;0;0;1;0;3;0;0;0;2;0;0;0;0;0;1;0;0;0;0;0;1;0;0;0;0
;;33;Jilink, S.;27;1;3;3;2;1;0;0;0;0;0;0;0;1;1;0;0;1;3;0;0;1;0;0;0;0;3;2;0;0;0;0;3;2;0
;;34;Tjeertes, F.;9;0;1;0;0;1;0;0;0;0;0;0;0;0;0;0;0;0;3;0;2;0;2;0;0;0;0;0;0;0;0;0;0;0;0
;;35;Ettema, M.E.;5;0;0;0;1;0;1;0;0;1;0;0;0;0;0;0;0;0;0;0;0;0;0;1;0;0;0;0;0;0;0;0;0;1;0
;;36;Deen, M.J.M.;3;0;1;0;1;0;0;0;0;0;0;0;0;0;0;0;0;0;0;0;0;0;0;0;1;0;0;0;0;0;0;0;0;0;0
;;37;Bakker, H.G.;0;0;0;0;0;0;0;0;0;0;0;0;0;0;0;0;0;0;0;0;0;0;0;0;0;0;0;0;0;0;0;0;0;0;0
;;38;Manshanden, P.N.M.;10;0;0;0;1;0;0;0;0;1;0;1;0;0;1;0;0;1;2;0;0;0;0;0;0;0;0;0;0;3;0;0;0;0;0
;;39;Hakhoff, W.M.;20;1;0;0;0;1;2;0;1;2;0;0;4;0;0;0;0;0;1;0;0;2;0;0;0;1;0;0;0;2;1;0;2;0;0
;;40;Tillema, I.;30;0;1;0;0;0;0;1;1;6;0;3;4;2;2;0;0;0;0;0;0;0;1;0;0;3;3;1;0;0;0;2;0;0;0
;;41;Kusters, P.D.;16;1;0;0;0;2;2;0;2;0;0;0;2;0;0;0;0;1;0;0;0;0;0;1;1;1;0;0;0;1;1;1;0;0;0
;;42;Bashara, S.R.;60;1;3;0;3;3;3;3;2;7;2;2;2;0;1;0;4;1;7;1;5;0;0;0;1;0;0;0;1;0;1;3;0;2;2
5;CDA;;;2680;37;88;40;57;51;82;43;112;108;36;52;77;180;249;159;44;138;101;13;39;118;90;25;30;75;117;100;25;26;39;101;105;83;40
;;1;Bennis, T.L.M.;1223;19;35;14;30;22;47;24;52;49;23;22;36;61;90;63;20;78;47;8;15;53;31;10;18;39;42;67;13;16;23;46;45;52;13
;;2;Brandhoff, R.J.C.;381;5;7;2;4;5;1;3;18;16;3;5;8;82;27;65;4;12;3;0;1;4;8;2;3;4;40;2;0;0;2;12;29;2;2
;;3;Hoefman, P.E.J.;115;1;0;0;0;0;1;0;1;2;0;1;2;3;61;4;2;1;2;0;0;3;3;8;0;0;4;0;1;0;0;8;4;3;0
;;4;Dekker, D.A.J.;329;7;9;10;8;12;12;4;14;24;4;12;12;9;34;6;3;24;9;2;9;16;14;0;4;10;9;4;4;4;3;7;5;13;12
;;5;Koster, M.P.;33;0;0;0;2;0;5;0;2;2;0;2;1;1;1;0;0;0;1;0;1;2;1;0;0;1;0;3;0;1;0;3;2;1;1
;;6;Smit, A.S.;122;0;10;5;6;3;3;0;7;1;2;3;3;4;13;1;5;5;9;1;3;4;10;0;1;5;3;2;0;1;1;7;1;2;1
;;7;van der Laan, P.P.J.;54;0;1;1;1;0;1;1;0;1;0;0;1;7;5;5;2;0;0;0;0;4;0;0;1;1;7;2;0;0;1;1;11;0;0
;;8;van Gorkum, G.H.J.P.;22;0;3;0;0;0;1;0;2;0;0;0;1;0;0;0;0;5;0;0;0;1;0;0;0;0;0;3;0;0;0;0;3;3;0
;;9;de Boer-van Berkum, I.C.S.M.;158;2;11;4;4;6;4;6;8;7;1;3;4;3;7;2;4;3;18;2;5;15;6;1;2;4;2;4;4;1;2;6;0;4;3
;;10;Dragt, H.;12;0;2;0;1;0;0;1;0;0;2;0;1;0;0;0;1;0;0;0;0;0;1;0;0;0;0;0;0;1;0;1;0;1;0
;;11;Dekker, L.C.M.;29;0;1;0;0;0;0;0;0;0;0;2;3;0;2;0;0;0;1;0;4;5;4;1;0;1;0;2;0;1;0;1;0;0;1
;;12;Laan, B.E.J.;18;0;1;0;0;0;1;1;0;2;0;0;0;4;0;3;0;0;1;0;0;0;0;0;0;0;4;1;0;0;0;0;0;0;0
;;13;Baas, J.P.C.;13;0;1;0;0;0;0;0;0;0;0;1;0;0;0;0;0;0;0;0;0;4;2;0;0;3;0;0;0;0;1;1;0;0;0
;;14;Lakeman, A.C.J.;5;0;0;0;0;0;0;0;0;1;0;0;0;0;0;0;0;0;1;0;0;0;0;0;0;0;0;3;0;0;0;0;0;0;0
;;15;Schipper, J.J.;25;3;1;1;0;0;2;0;3;0;0;0;0;0;0;0;2;0;1;0;0;1;2;1;0;5;0;1;0;0;0;2;0;0;0
;;16;van Berkum-Schouten, M.J.S.;33;0;2;0;0;1;2;0;1;1;0;0;1;1;1;3;1;4;1;0;0;1;2;0;0;1;2;1;1;0;2;1;2;1;0
;;17;Koorn, B.N.;7;0;1;0;0;0;0;1;0;0;0;0;0;0;0;0;0;0;0;0;0;0;0;0;0;0;0;0;0;0;0;1;0;0;4
;;18;van Langen, J.A.;10;0;0;0;0;0;0;0;1;0;0;0;0;0;0;0;0;2;1;0;1;0;0;0;0;0;0;3;0;0;0;2;0;0;0
;;19;Spil, C.A.;10;0;0;0;0;1;0;0;0;0;0;1;1;1;1;0;0;1;0;0;0;0;1;0;0;0;3;0;0;0;0;0;0;0;0
;;20;Schakel, P.A.;9;0;0;0;0;0;0;0;0;0;0;0;0;0;0;3;0;0;2;0;0;0;1;2;0;0;0;1;0;0;0;0;0;0;0
;;21;van Gorkum-Jeurissen, C.;6;0;0;0;0;0;0;0;2;0;0;0;0;0;1;0;0;1;1;0;0;0;0;0;0;0;0;0;0;0;0;0;0;1;0
;;22;van Westen, J.C.M.;4;0;0;0;0;0;0;1;0;1;0;0;0;0;0;1;0;0;0;0;0;0;0;0;0;0;0;0;0;0;1;0;0;0;0
;;23;Monkau, M.W.;5;0;1;0;0;0;1;0;0;0;0;0;0;1;0;0;0;0;0;0;0;0;0;0;0;0;0;0;0;0;2;0;0;0;0
;;24;Beerepoot, T.M.;15;0;0;0;0;0;0;0;0;1;0;0;0;0;2;2;0;2;0;0;0;0;0;0;1;0;1;1;0;0;1;1;2;0;1
;;25;Buis, J.A.;4;0;0;0;0;0;0;0;0;0;0;0;0;0;0;0;0;0;1;0;0;1;0;0;0;1;0;0;0;0;0;1;0;0;0
;;26;Gunst-de Boer, J.;4;0;0;0;1;0;0;1;0;0;0;0;0;0;0;1;0;0;0;0;0;0;1;0;0;0;0;0;0;0;0;0;0;0;0
;;27;Talma, H.;5;0;0;0;0;0;0;0;0;0;0;0;0;0;2;0;0;0;0;0;0;1;1;0;0;0;0;0;0;1;0;0;0;0;0
;;28;Grooteman, L.F.J.;9;0;0;2;0;1;0;0;0;0;0;0;1;0;0;0;0;0;2;0;0;1;0;0;0;0;0;0;0;0;0;0;0;0;2
;;29;Bakker, G.H.;8;0;2;1;0;0;1;0;0;0;0;0;0;3;0;0;0;0;0;0;0;1;0;0;0;0;0;0;0;0;0;0;0;0;0
;;30;Vriend, J.J.;12;0;0;0;0;0;0;0;1;0;1;0;2;0;2;0;0;0;0;0;0;1;2;0;0;0;0;0;2;0;0;0;1;0;0
6;Partij van de Arbeid (P.v.d.A.);;;2145;70;142;72;126;45;84;44;76;139;30;62;96;46;82;19;50;47;144;24;24;101;49;48;54;85;19;45;14;80;63;86;19;40;20
;;1;Gortzak, I.A.;1356;37;76;44;79;30;51;29;50;99;24;41;56;26;52;9;33;29;87;12;9;76;26;30;36;58;10;28;8;54;41;61;11;27;17
;;2;Wegner, A.;74;3;9;2;11;3;2;1;3;6;0;2;1;3;1;0;1;1;6;1;2;0;1;4;0;4;0;1;1;1;1;3;0;0;0
;;3;Klinkenberg, E.F.;256;5;23;5;7;4;11;2;9;10;3;6;19;6;19;6;4;7;17;2;2;17;4;4;7;11;4;6;2;6;10;9;2;6;1
;;4;Nassiri, Y.;146;12;16;7;9;0;6;6;5;9;0;5;5;2;4;0;2;2;11;2;3;4;11;4;1;5;0;1;0;6;3;5;0;0;0
;;5;Achterberg, A.;15;0;2;0;0;0;0;0;2;0;0;0;1;1;0;0;0;0;5;1;0;1;0;0;0;0;0;0;0;2;0;0;0;0;0
;;6;Hagen, W.R.;12;0;0;0;3;1;0;0;0;1;0;0;0;1;0;0;0;0;0;0;0;0;1;0;0;0;1;3;0;0;0;1;0;0;0
;;7;Penning, J.D.;57;2;2;4;3;1;7;0;2;2;1;0;1;2;2;0;3;1;2;4;1;0;3;2;1;1;0;3;1;1;1;2;1;1;0
;;8;Bruin, D.;23;2;0;0;0;0;0;0;0;0;0;0;5;0;3;0;2;0;3;0;1;1;1;2;0;0;3;0;0;0;0;0;0;0;0
;;9;Kollen, J.;22;2;0;4;0;1;0;1;0;1;0;3;0;0;0;0;0;0;1;0;1;0;0;0;2;0;0;0;2;1;1;1;0;1;0
;;10;Schuitemaker, M.;22;2;0;4;1;0;0;0;0;1;0;0;0;1;1;4;3;0;3;0;0;1;0;0;0;0;0;0;0;0;0;0;0;1;0
;;11;Beuker, A.;8;0;4;0;0;0;0;0;0;1;0;0;0;0;0;0;1;0;1;0;0;0;0;0;0;1;0;0;0;0;0;0;0;0;0
;;12;Bruijns, P.J.;14;0;0;0;0;1;0;1;1;1;0;0;0;2;0;0;0;2;0;0;0;0;0;0;2;0;0;0;0;0;1;1;0;2;0
;;13;Schaper, J.T.J.;23;1;3;1;3;0;1;2;0;3;2;0;0;1;0;0;0;0;1;0;0;0;0;2;1;0;0;0;0;0;2;0;0;0;0
;;14;Wagemaker, E.P.;21;1;4;0;2;2;0;2;0;1;0;0;0;1;0;0;0;1;1;0;0;0;0;0;1;1;0;0;0;1;0;2;1;0;0
;;15;Zomerdijk, S.;17;0;1;0;0;1;3;0;3;1;0;1;0;0;0;0;0;0;0;1;0;0;2;0;0;1;0;0;0;2;0;0;1;0;0
;;16;Ursem, P.J.J.M.;17;1;0;0;5;0;0;0;1;1;0;2;2;0;0;0;0;0;0;0;0;0;0;0;0;1;0;0;0;4;0;0;0;0;0
;;17;de Heus, A.A.;28;2;0;0;3;1;1;0;0;1;0;0;1;0;0;0;0;3;3;0;0;1;0;0;0;0;1;2;0;2;2;0;3;1;1
;;18;van de Wijdeven, A.A.G.M.;6;0;1;0;0;0;2;0;0;1;0;0;0;0;0;0;0;0;0;1;0;0;0;0;0;0;0;0;0;0;1;0;0;0;0
;;19;Hira Sing, R.A.;28;0;1;1;0;0;0;0;0;0;0;2;5;0;0;0;1;1;3;0;5;0;0;0;3;2;0;1;0;0;0;1;0;1;1
7;D66;;;2177;80;166;78;79;59;91;47;110;113;38;53;68;44;130;28;18;75;111;14;42;121;67;39;53;66;25;53;29;45;55;98;16;33;33
;;1;Heijne, N.S.L.;672;26;47;24;18;19;21;21;45;31;13;10;14;18;42;9;7;23;39;4;15;30;22;10;18;19;11;19;9;6;17;34;7;15;9
;;2;Bruijne, S.;843;35;95;34;29;25;34;16;26;45;9;30;29;16;48;9;7;26;28;6;15;52;25;15;28;20;6;22;7;18;23;30;8;11;16
;;3;de Vries, W.J.;59;2;3;2;1;5;1;2;3;2;3;0;0;1;2;0;1;5;5;0;3;3;3;0;2;2;0;1;4;0;2;0;0;1;0
;;4;Broerse, E.;168;2;5;10;9;6;14;4;10;7;4;1;5;3;6;3;0;6;15;1;3;13;5;5;0;9;0;5;1;7;2;4;1;2;0
;;5;Rood, A.C.A.;42;4;4;1;6;0;2;0;2;2;1;1;0;0;1;1;0;0;1;1;0;1;0;2;1;2;0;0;0;3;3;2;0;0;1
;;6;Bakker, N.D.C.;40;2;1;0;0;0;9;0;3;5;0;0;3;1;6;0;0;2;0;0;1;0;1;0;0;0;0;0;1;0;1;2;0;0;2
;;7;Çakirtaş, S.;118;3;2;3;7;2;3;1;7;2;3;8;10;0;7;0;1;7;9;2;3;9;9;0;2;3;3;2;1;1;2;4;0;0;2
;;8;Klaren, O.J.A.;33;2;2;0;1;1;0;0;2;1;1;0;0;0;3;0;0;0;2;0;1;2;0;3;0;0;0;0;2;4;0;5;0;0;1
;;9;Chaban, S.;81;0;1;1;6;1;5;0;6;9;3;2;2;1;0;0;1;2;10;0;0;5;0;3;0;4;0;0;0;6;2;9;0;0;2
;;10;Wittebrood, M.;12;0;0;0;0;0;0;0;0;2;0;1;2;1;3;0;0;1;1;0;0;0;0;0;1;0;0;0;0;0;0;0;0;0;0
;;11;Nauta, N.J.;11;2;0;1;0;0;0;0;0;0;1;0;0;1;1;0;0;0;1;0;0;1;0;0;0;0;1;0;1;0;0;1;0;0;0
;;12;Renckens, J.N.A.H.;16;0;4;1;1;0;0;1;0;1;0;0;0;0;0;0;0;2;0;0;0;0;0;0;0;3;0;1;0;0;0;0;0;2;0
;;13;van Kleef, B.W.;4;0;0;0;1;0;0;0;0;0;0;0;0;0;0;0;1;0;0;0;0;0;0;1;0;0;0;0;0;0;1;0;0;0;0
;;14;Bruijne, R.G.;2;1;0;0;0;0;1;0;0;0;0;0;0;0;0;0;0;0;0;0;0;0;0;0;0;0;0;0;0;0;0;0;0;0;0
;;15;Helling, A.;76;1;2;1;0;0;1;2;6;6;0;0;3;2;11;6;0;1;0;0;1;5;2;0;1;4;4;3;3;0;2;7;0;2;0
8;Sociaal Hoorn;;;1835;29;71;27;85;33;78;55;110;166;30;64;124;35;75;15;46;44;104;32;36;82;62;18;19;63;12;33;17;67;18;84;31;48;22
;;1;van der Veer, J.;547;5;12;9;38;1;21;13;33;55;9;20;43;13;14;5;21;13;34;5;8;26;13;3;4;21;5;14;6;21;4;26;13;14;5
;;2;al Mobayed, K.;639;11;26;8;25;18;21;20;35;56;19;25;35;10;27;5;16;19;32;15;11;25;18;11;12;26;5;9;2;26;6;22;14;21;8
;;3;de Rooij, R.M.W.;94;4;13;6;3;2;5;6;3;5;0;4;2;1;2;1;0;0;3;5;2;4;1;0;0;2;0;2;0;4;1;9;0;1;3
;;4;Smit, A.P.F.;30;2;1;0;1;1;0;0;1;6;0;1;3;1;1;0;1;0;2;1;1;1;0;0;0;0;1;0;0;2;1;2;0;0;0
;;5;Stuifbergen, J.C.F.;48;1;4;2;1;0;5;3;2;0;0;0;2;0;3;0;1;0;3;0;4;1;7;1;0;0;0;0;5;0;0;1;0;2;0
;;6;Delcour, L.M.;179;5;5;0;5;4;7;4;13;20;1;8;8;5;4;2;2;4;16;3;5;12;15;1;2;2;1;2;2;1;2;7;2;6;3
;;7;Luiken, H.C.;41;0;4;0;1;5;6;1;5;3;1;2;1;0;2;0;0;0;0;1;0;2;0;0;1;2;0;1;0;1;2;0;0;0;0
;;8;van Drunen, M.D.;38;0;0;1;2;0;0;4;2;2;0;2;5;1;3;0;1;0;0;2;0;0;0;0;0;3;0;2;0;0;1;4;0;2;1
;;9;El Hannouti, M.;57;0;2;0;6;0;1;1;5;2;0;0;10;0;8;0;1;1;3;0;2;3;2;0;0;1;0;0;0;3;0;5;0;0;1
;;10;de Bock, L.;17;0;0;1;0;0;0;1;0;1;0;0;0;1;0;0;0;0;2;0;0;0;4;2;0;0;0;0;0;5;0;0;0;0;0
;;11;Kooijman, J.G.;41;0;0;0;0;0;0;1;9;5;0;0;13;0;3;1;1;1;1;0;0;1;0;0;0;0;0;0;0;0;0;5;0;0;0
;;12;Stuifbergen, C.L.F.;18;0;0;0;0;0;4;0;0;2;0;1;1;0;5;0;1;0;0;0;0;0;0;0;0;0;0;0;1;1;0;0;1;1;0
;;13;de Vries, D.J.;12;0;0;0;0;0;1;0;0;1;0;0;0;1;0;0;1;0;2;0;0;0;1;0;0;1;0;3;0;0;0;1;0;0;0
;;14;Coevert, M.A.;13;0;0;0;1;0;1;0;0;1;0;0;0;0;2;0;0;0;2;0;0;3;0;0;0;1;0;0;0;1;1;0;0;0;0
;;15;Snoey Kiewit, L.W.;6;0;0;0;0;0;0;0;1;0;0;0;0;0;0;0;0;0;2;0;0;2;0;0;0;0;0;0;0;1;0;0;0;0;0
;;16;Hoogewerf, P.;10;0;0;0;0;0;1;0;0;1;0;0;0;1;0;0;0;3;1;0;0;2;0;0;0;0;0;0;0;1;0;0;0;0;0
;;17;Sijm, H.T.;31;0;4;0;2;2;4;1;0;4;0;0;1;1;1;0;0;1;1;0;3;0;0;0;0;3;0;0;1;0;0;2;0;0;0
;;18;Krijgsman, W.J.;2;0;0;0;0;0;0;0;0;1;0;0;0;0;0;1;0;0;0;0;0;0;0;0;0;0;0;0;0;0;0;0;0;0;0
;;19;in 't Veld, R.A.G.;12;1;0;0;0;0;1;0;1;1;0;1;0;0;0;0;0;2;0;0;0;0;1;0;0;1;0;0;0;0;0;0;1;1;1
9;Hoorn Lokaal;;;3079;78;175;88;131;87;147;133;128;186;43;79;239;80;200;38;51;100;139;32;62;160;119;34;49;86;26;24;29;49;67;89;33;56;42
;;1;Assendelft, R.;1559;41;124;56;72;50;93;78;69;100;28;29;75;40;91;24;22;42;53;19;38;80;62;15;27;46;7;15;10;20;38;35;16;28;16
;;2;Halsema, J.M.;68;3;2;0;1;1;0;3;5;4;0;0;2;1;4;1;2;5;8;0;3;8;2;0;0;1;1;0;2;2;0;4;0;3;0
;;3;Schaap, P.C.G.;120;6;8;4;5;2;4;5;3;4;0;2;3;3;2;2;2;2;7;2;4;4;31;4;0;2;1;0;0;1;0;3;2;1;1
;;4;Visser, J.;739;17;24;14;33;21;37;24;33;56;8;29;42;20;64;5;10;31;54;5;11;40;0;8;14;18;8;0;13;18;17;30;7;12;16
;;5;van Rooij, F.;153;0;1;2;1;4;1;1;4;4;0;4;94;4;12;0;1;0;2;0;0;1;0;0;0;3;4;0;0;0;1;4;4;1;0
;;6;Assendelft, K.R.;68;0;2;5;0;4;3;4;2;1;2;2;1;2;8;0;1;1;1;0;2;6;6;1;2;4;0;0;0;1;5;2;0;0;0
;;7;Schoof, P.J.;57;2;4;1;3;0;2;1;2;3;1;1;8;1;3;1;2;0;3;2;0;4;2;0;1;3;2;2;0;0;0;2;0;1;0
;;8;Coenradie, P.;70;0;1;3;3;0;1;3;1;3;1;6;4;1;3;1;2;6;1;1;1;5;6;1;2;5;0;1;2;1;1;3;0;1;0
;;9;Braunschweiger, R.H.;41;3;1;0;0;0;1;1;2;2;1;2;1;0;2;0;2;7;0;0;0;4;4;0;1;0;1;0;0;0;0;2;1;3;0
;;10;Foppen, M.;75;3;2;1;2;1;5;8;2;2;0;3;3;3;2;1;0;4;2;3;0;4;6;1;0;0;2;3;1;1;2;0;2;3;3
;;11;de Greeuw, P.J.;43;2;3;1;9;0;0;2;1;2;0;0;1;2;1;1;1;0;2;0;2;0;0;2;0;1;0;2;0;3;0;0;0;1;4
;;12;van der Meij, J.M.;86;1;3;1;2;4;0;3;4;5;2;1;5;3;8;2;6;2;6;0;1;4;0;2;2;3;0;1;1;2;3;4;1;2;2
10;De Realistische Partij (DRP);;;961;26;52;25;47;20;38;42;53;65;9;53;77;27;49;8;23;28;48;13;14;46;16;12;15;25;6;4;8;11;25;41;11;11;13
;;1;Jas, M.;363;6;29;11;19;7;12;12;19;23;3;18;28;13;22;4;13;16;22;2;13;17;5;6;5;5;0;1;3;2;7;8;2;6;4
;;2;van Dijk, M.;91;8;2;0;6;1;5;1;3;8;0;5;5;2;6;0;2;1;5;0;0;4;3;2;0;2;5;0;3;3;3;4;0;1;1
;;3;van der Kooij, A.;126;2;1;3;4;2;4;8;7;12;1;14;17;3;2;1;4;2;6;2;0;0;0;1;3;5;1;0;1;2;4;9;3;1;1
;;4;van der Kooij, J.;37;0;3;1;0;0;0;3;4;3;0;1;2;0;0;0;0;0;2;0;0;3;0;0;3;3;0;0;0;0;0;5;1;0;3
;;5;Laan, C.A.N.;47;3;1;3;6;0;5;3;1;3;3;4;5;0;2;0;0;0;1;2;0;0;0;0;2;0;0;0;0;3;0;0;0;0;0
;;6;de Vries, J.;21;0;0;0;1;0;0;0;5;0;0;6;1;0;1;1;0;0;2;0;0;0;0;0;0;0;0;0;0;0;0;3;0;0;1
;;7;van Kleef, M.;72;1;2;3;2;7;2;2;5;3;0;1;2;5;3;0;1;3;6;2;0;7;2;3;0;2;0;0;1;0;0;3;2;0;2
;;8;van Hout, N.S.;32;0;1;0;3;0;1;3;1;3;0;0;2;1;1;0;0;1;0;2;0;5;0;0;0;0;0;2;0;0;4;2;0;0;0
;;9;Föller, S.B.;19;0;0;0;0;0;1;0;1;0;0;0;7;2;2;0;0;0;1;0;0;1;0;0;1;1;0;0;0;0;0;1;1;0;0
;;10;Otten, M.;9;0;0;0;1;0;1;0;0;1;0;0;0;0;2;0;0;1;0;0;0;0;0;0;0;0;0;0;0;0;1;1;0;0;1
;;11;van Dijk, L.S.;28;0;0;1;2;0;1;0;2;3;0;0;0;0;3;1;0;0;0;2;0;1;1;0;1;0;0;0;0;1;6;2;1;0;0
;;12;Nannings, C.E.;29;1;4;3;0;2;2;2;0;1;1;1;4;0;3;0;1;2;1;0;0;0;1;0;0;0;0;0;0;0;0;0;0;0;0
;;13;de Lang, J.;12;1;0;0;1;0;3;2;0;0;0;0;1;1;0;0;0;0;0;0;0;0;1;0;0;0;0;0;0;0;0;0;0;2;0
;;14;Bron, F.D.;11;1;0;0;0;0;1;0;0;3;0;0;1;0;1;1;0;2;0;0;0;0;0;0;0;0;0;0;0;0;0;1;0;0;0
;;15;Blokdijk, J.;39;3;8;0;2;0;0;6;3;1;0;0;0;0;0;0;0;0;2;0;1;1;2;0;0;7;0;0;0;0;0;2;1;0;0
;;16;de Assis Filho, J.M.;14;0;0;0;0;0;0;0;1;0;1;3;1;0;1;0;2;0;0;1;0;3;1;0;0;0;0;0;0;0;0;0;0;0;0
;;17;Verdonk, D.;11;0;1;0;0;1;0;0;1;1;0;0;1;0;0;0;0;0;0;0;0;4;0;0;0;0;0;1;0;0;0;0;0;1;0
11;ChristenUnie;;;680;11;9;4;23;7;17;7;42;51;13;27;39;12;34;6;21;17;76;7;10;33;28;9;12;45;3;10;8;21;6;21;16;16;19
;;1;Maas, C.L.;342;6;5;1;12;2;9;4;17;25;4;9;17;10;16;5;12;14;34;4;8;14;14;8;3;23;2;5;5;6;5;10;11;13;9
;;2;Kooyman van Guldener, J.J.;25;0;0;0;1;0;0;0;2;3;0;2;2;0;0;0;0;0;2;0;0;0;3;0;2;4;0;2;0;1;0;1;0;0;0
;;3;Ritsema-de Jonker, C.G.;55;1;1;2;0;1;3;0;6;8;0;3;2;0;2;0;5;0;5;2;0;1;0;0;2;3;0;1;0;1;0;3;0;2;1
;;4;Mir Haghgouyan, S.K.;32;0;0;0;1;1;0;0;1;3;6;2;5;0;1;0;0;0;9;0;0;0;0;0;1;1;0;0;0;0;0;0;0;0;1
;;5;Maria, I.S.;24;0;2;0;0;0;1;1;0;2;1;4;2;2;1;1;1;1;0;0;0;1;1;0;0;0;0;0;0;1;0;2;0;0;0
;;6;van der Heijden, J.B.;14;0;0;0;1;0;0;0;1;1;0;0;0;0;3;0;0;0;0;0;0;5;0;0;0;0;0;0;0;0;0;1;0;1;1
;;7;Kashindi, Z.;23;0;1;0;1;1;0;0;3;0;1;0;0;0;3;0;1;0;3;0;1;1;0;0;0;1;0;0;1;4;0;0;0;0;1
;;8;Dors, C.G.;25;3;0;0;0;0;2;1;4;0;0;0;2;0;0;0;1;0;7;0;0;0;1;0;0;3;0;0;0;1;0;0;0;0;0
;;9;de Bruin, I.H.;26;0;0;0;4;2;2;1;2;1;0;1;1;0;0;0;1;0;1;0;0;0;1;1;0;2;0;0;1;3;0;1;0;0;1
;;10;van de Coolwijk, J.W.C.J.;15;0;0;0;0;0;0;0;2;0;0;0;1;0;5;0;0;1;0;0;0;0;0;0;2;0;0;0;0;0;0;0;0;0;4
;;11;Stikkelman, E.J.;1;0;0;0;0;0;0;0;0;0;0;0;1;0;0;0;0;0;0;0;0;0;0;0;0;0;0;0;0;0;0;0;0;0;0
;;12;van der Heijden, B.T.;4;0;0;0;0;0;0;0;1;0;0;0;0;0;0;0;0;0;1;0;0;1;1;0;0;0;0;0;0;0;0;0;0;0;0
;;13;Voorthuijsen-Floris, G.Y.M.;11;0;0;0;1;0;0;0;0;2;0;0;0;0;0;0;0;0;2;0;0;3;0;0;0;2;0;0;0;0;0;0;1;0;0
;;14;de Groot, F.P.;15;0;0;0;0;0;0;0;0;2;0;1;1;0;0;0;0;0;2;0;0;3;1;0;0;2;0;1;0;0;1;0;1;0;0
;;15;van der Lei-Brouwer, T.;1;0;0;0;0;0;0;0;0;0;0;0;0;0;0;0;0;1;0;0;0;0;0;0;0;0;0;0;0;0;0;0;0;0;0
;;16;Haspels, N.E.;10;0;0;0;0;0;0;0;0;1;1;0;0;0;1;0;0;0;2;0;0;0;1;0;0;0;0;0;0;1;0;2;1;0;0
;;17;van der Heijden-de Bruijn, J.E.;6;0;0;0;0;0;0;0;0;0;0;0;0;0;0;0;0;0;1;0;0;2;1;0;0;1;0;0;0;0;0;1;0;0;0
;;18;Stortenbeker, F.J.;27;1;0;0;1;0;0;0;1;3;0;2;4;0;2;0;0;0;4;1;1;0;3;0;0;2;0;0;0;1;0;0;1;0;0
;;19;Blom, J.J.;16;0;0;1;1;0;0;0;2;0;0;3;0;0;0;0;0;0;1;0;0;1;1;0;2;1;0;1;0;1;0;0;1;0;0
;;20;Omvlee, M.;8;0;0;0;0;0;0;0;0;0;0;0;1;0;0;0;0;0;2;0;0;1;0;0;0;0;1;0;1;1;0;0;0;0;1
12;Liberaal Hoorn;;;1749;36;43;39;69;35;46;16;72;102;31;47;93;45;125;18;34;56;88;19;53;138;105;24;34;53;21;38;35;38;32;61;17;36;50
;;1;de Meij, C.;901;15;21;20;38;18;28;9;38;42;20;27;53;25;55;9;8;21;45;7;23;77;57;12;21;28;9;24;22;25;19;32;9;21;23
;;2;van der Kleij, A.;109;2;4;1;3;2;1;0;8;11;1;0;2;1;6;1;4;17;6;1;1;5;1;0;0;4;2;10;2;1;1;1;2;6;2
;;3;van der Meer, S.;50;0;3;3;3;2;1;1;1;2;1;0;0;0;3;0;0;0;3;2;3;3;1;0;2;0;2;1;2;3;1;6;0;0;1
;;4;Katers-van Vliet, D.;396;13;6;6;13;5;10;5;18;27;5;16;17;14;40;5;11;9;20;4;19;32;24;9;6;13;4;1;4;6;6;13;2;4;9
;;5;Avis, A.F.R.;34;0;0;4;1;2;1;0;1;1;0;0;3;0;3;0;2;1;3;0;0;1;2;0;3;5;0;0;0;0;0;1;0;0;0
;;6;van Peperstraten, P.J.;17;0;0;0;3;0;0;0;0;1;0;0;1;0;2;0;2;1;0;0;0;2;0;1;0;0;0;2;0;1;1;0;0;0;0
;;7;Swier, H.E.;21;0;0;0;0;1;0;0;1;0;0;1;0;0;2;0;0;1;2;0;0;0;9;0;0;1;0;0;0;0;0;0;0;0;3
;;8;Gelmers, A.M.;24;0;0;2;1;0;0;0;0;2;1;0;0;1;1;0;1;0;1;1;4;2;2;0;0;1;0;0;0;1;1;1;1;0;0
;;9;Hendriks, A.A.P.;22;1;0;0;0;0;0;0;3;1;0;1;0;3;1;0;0;3;2;0;0;2;0;0;0;0;0;0;0;0;0;0;1;3;1
;;10;van der Horst, A.W.A.;18;0;0;0;0;0;0;0;0;0;0;0;1;0;1;0;2;0;2;2;1;5;0;0;0;0;0;0;1;1;0;1;0;0;1
;;11;Jaspers, T.;13;0;0;0;0;0;0;0;1;0;0;0;1;0;6;0;0;0;1;0;0;0;1;0;0;0;0;0;0;0;0;2;1;0;0
;;12;Verweij, R.;18;0;3;0;1;1;0;0;0;4;0;0;0;0;0;0;0;0;1;0;1;2;3;0;0;0;0;0;0;0;1;0;1;0;0
;;13;Pattynama, D.V.;14;2;0;1;2;0;1;0;0;2;0;0;0;0;0;0;1;0;0;0;0;1;0;0;0;0;0;0;1;0;1;0;0;0;2
;;14;Caris, M.R.;2;0;0;0;0;1;0;0;0;0;0;0;0;0;0;0;0;0;0;0;0;1;0;0;0;0;0;0;0;0;0;0;0;0;0
;;15;Ederzeel, R.;19;0;0;0;1;1;0;0;0;1;0;1;9;0;0;0;0;0;1;0;1;1;0;2;0;0;0;0;0;0;0;0;0;0;1
;;16;de Meij, J.;16;0;0;1;0;1;3;1;0;0;0;0;0;0;1;2;1;0;0;0;0;1;1;0;1;0;0;0;0;0;0;1;0;0;2
;;17;Boeren, S.E.M.;6;0;2;0;0;1;0;0;0;0;0;0;0;0;0;0;0;1;0;0;0;1;0;0;0;0;0;0;1;0;0;0;0;0;0
;;18;Daalder, L.;15;0;0;0;2;0;0;0;0;4;0;0;2;0;0;0;0;0;0;0;0;0;3;0;0;0;0;0;0;0;0;1;0;0;3
;;19;van der Meer, M.Z.J.;17;0;1;1;1;0;0;0;1;1;0;1;0;0;1;0;0;0;0;1;0;1;0;0;0;1;1;0;2;0;0;0;0;2;2
;;20;Eierdanz, C.;15;2;3;0;0;0;1;0;0;1;3;0;0;1;0;1;1;0;0;0;0;1;0;0;1;0;0;0;0;0;0;0;0;0;0
;;21;Elenbaas, P.A.;22;1;0;0;0;0;0;0;0;2;0;0;4;0;3;0;1;2;1;1;0;0;1;0;0;0;3;0;0;0;1;2;0;0;0
