Verkiezing;;Gemeenteraad Doetinchem 2022;;;;;;;;;;;;;;;;;;;;;;;;;;;;;;;;;;;;;;;;;;;;;;;;;;
Datum;;2022-03-16;;;;;;;;;;;;;;;;;;;;;;;;;;;;;;;;;;;;;;;;;;;;;;;;;;
Gebied;;Gemeente Doetinchem;;;;;;;;;;;;;;;;;;;;;;;;;;;;;;;;;;;;;;;;;;;;;;;;;;
Nummer;;0222;;;;;;;;;;;;;;;;;;;;;;;;;;;;;;;;;;;;;;;;;;;;;;;;;;
;;;;;;;;;;;;;;;;;;;;;;;;;;;;;;;;;;;;;;;;;;;;;;;;;;;;
Lijstnummer;Aanduiding;Volgnummer;Naam kandidaat;Totaal;Stadhuis;Gymzaal Terborgseweg;OC De Daele;Het Trommelslag;OBS Hogenkamp;Speeltuin Schoneveld;OC De Achterhoek;MFA De Zonneboom;Bs te IJzevoorde;Gymzaal Ottawastraat;OBS Hagen;IKC Het Noorderlicht;OR Gereformeerde Gemeente;Sporthal De Pol A;Sporthal De Pol B;OBS Wis en Wierig;BS OCTA;OBS De Huet;Waterschapsgebouw;Sporthal De Bongerd A;Sporthal De Bongerd B;IKC Plattenburg;KC De Wingerd;Stadsmuseum en Borghuis;vv VIOD;App Waterrijk;Het Raadhuis;VG Ons Huis;DA De Horst;SO Isselborgh;Brandweer Wehl;BS Dichterbij;Stadhuis ma;Waterschapsgebouw ma;Het Raadhuis ma;Sporthal De Pol ma;OR Gereformeerde Gemeente ma;MFA De Zonneboom ma;KC De Wingerd ma;vv VIOD ma;Stadhuis di;Waterschapsgebouw di;Het Raadhuis di;Sporthal De Pol di;OR Gereformeerde Gemeente;MFA De Zonneboom di;KC De Wingerd di;vv VIOD di
Gebiednummer;;;;;1;2;3;4;5;6;8;9;10;11;14;15;16;17;18;19;20;21;22;23;24;25;26;27;28;29;30;31;32;33;34;35;40;41;42;43;44;45;46;47;50;51;52;53;54;55;56;57
;opgeroepenen;;;0;0;0;0;0;0;0;0;0;0;0;0;0;0;0;0;0;0;0;0;0;0;0;0;0;0;0;0;0;0;0;0;0;0;0;0;0;0;0;0;0;0;0;0;0;0;0;0;0
;geldige stempas;;;20995;1245;222;750;478;431;920;131;826;292;340;601;313;523;641;644;194;274;462;590;549;232;728;581;531;428;612;569;876;449;230;293;358;490;184;179;252;153;134;423;147;641;243;253;396;175;207;559;246
;geldig volmachtbewijs;;;2070;124;29;78;42;0;62;15;84;43;28;85;27;63;70;69;22;43;39;52;62;25;47;48;42;47;65;68;104;46;24;32;47;46;15;24;18;16;14;40;11;56;22;29;44;16;24;38;25
;geldige kiezerspas;;;0;0;0;0;0;0;0;0;0;0;0;0;0;0;0;0;0;0;0;0;0;0;0;0;0;0;0;0;0;0;0;0;0;0;0;0;0;0;0;0;0;0;0;0;0;0;0;0;0
;toegelaten kiezers;;;23065;1369;251;828;520;431;982;146;910;335;368;686;340;586;711;713;216;317;501;642;611;257;775;629;573;475;677;637;980;495;254;325;405;536;199;203;270;169;148;463;158;697;265;282;440;191;231;597;271
;geldige stembiljetten;;;22977;1356;249;822;514;427;979;146;906;335;365;684;337;583;710;711;216;316;501;640;610;256;774;626;570;473;676;637;977;493;253;323;405;534;199;201;270;169;148;461;157;696;264;281;439;191;231;595;271
;blanco stembiljetten;;;45;7;0;4;2;1;1;0;2;0;2;2;3;2;0;1;0;1;0;1;0;1;0;2;2;1;0;0;1;1;1;1;0;2;0;0;0;0;0;2;0;1;0;1;0;0;0;0;0
;ongeldige stembiljetten;;;40;6;2;1;4;3;2;0;2;0;1;0;0;1;1;1;0;0;0;1;1;0;1;1;0;1;1;0;2;1;0;1;0;0;0;2;0;0;0;0;1;0;1;0;1;0;0;1;0
;aangetroffen stembiljetten;;;23062;1369;251;827;520;431;982;146;910;335;368;686;340;586;711;713;216;317;501;642;611;257;775;629;572;475;677;637;980;495;254;325;405;536;199;203;270;169;148;463;158;697;265;282;440;191;231;596;271
;meer stembiljetten dan toegelaten kiezers;;;0;0;0;0;0;0;0;0;0;0;0;0;0;0;0;0;0;0;0;0;0;0;0;0;0;0;0;0;0;0;0;0;0;0;0;0;0;0;0;0;0;0;0;0;0;0;0;0;0
;minder stembiljetten dan toegelaten kiezers;;;3;0;0;1;0;0;0;0;0;0;0;0;0;0;0;0;0;0;0;0;0;0;0;0;1;0;0;0;0;0;0;0;0;0;0;0;0;0;0;0;0;0;0;0;0;0;0;1;0
;kiezers met stembiljet hebben niet gestemd;;;0;0;0;0;0;0;0;0;0;0;0;0;0;0;0;0;0;0;0;0;0;0;0;0;0;0;0;0;0;0;0;0;0;0;0;0;0;0;0;0;0;0;0;0;0;0;0;0;0
;er zijn te weinig stembiljetten uitgereikt;;;0;0;0;0;0;0;0;0;0;0;0;0;0;0;0;0;0;0;0;0;0;0;0;0;0;0;0;0;0;0;0;0;0;0;0;0;0;0;0;0;0;0;0;0;0;0;0;0;0
;er zijn te veel stembiljetten uitgereikt;;;0;0;0;0;0;0;0;0;0;0;0;0;0;0;0;0;0;0;0;0;0;0;0;0;0;0;0;0;0;0;0;0;0;0;0;0;0;0;0;0;0;0;0;0;0;0;0;0;0
;geen verklaring;;;3;0;0;1;0;0;0;0;0;0;0;0;0;0;0;0;0;0;0;0;0;0;0;0;1;0;0;0;0;0;0;0;0;0;0;0;0;0;0;0;0;0;0;0;0;0;0;1;0
;andere verklaring;;;0;0;0;0;0;0;0;0;0;0;0;0;0;0;0;0;0;0;0;0;0;0;0;0;0;0;0;0;0;0;0;0;0;0;0;0;0;0;0;0;0;0;0;0;0;0;0;0;0
1;CDA;;;3390;138;23;117;70;50;86;11;89;77;35;56;16;38;205;226;60;26;43;83;67;26;83;74;71;47;78;139;235;130;24;99;33;87;15;40;83;27;16;49;24;86;21;77;141;23;27;88;31
;;1;Berends, J.;941;40;7;57;37;26;37;1;38;38;15;27;7;14;27;26;1;6;22;22;25;9;28;24;23;13;29;24;27;20;7;10;14;38;8;4;11;13;10;18;5;32;3;11;21;9;13;33;11
;;2;Lambregts, I.M.;608;40;6;26;15;12;25;5;18;22;8;12;6;7;8;6;1;13;16;20;12;8;14;21;32;6;25;12;11;10;6;9;10;27;3;3;5;5;4;15;7;31;7;8;11;7;4;24;5
;;3;Steintjes, L.T.M.;427;5;1;3;0;2;2;1;4;2;0;4;0;1;3;10;0;1;0;4;0;0;4;5;2;4;2;66;110;69;1;50;1;1;1;22;2;0;1;1;1;3;1;33;0;0;0;4;0
;;4;Hilferink, P.G.M.;88;12;0;4;3;3;5;0;1;1;0;6;0;9;1;1;0;1;1;3;0;2;1;3;1;0;2;1;0;1;0;1;1;4;0;1;1;6;0;0;2;2;1;0;1;3;1;1;1
;;5;Mons-Vuulink, J.J.;175;9;0;4;1;1;4;0;1;1;1;0;1;1;27;32;17;0;0;4;1;2;4;1;2;3;0;1;0;1;0;4;0;1;1;0;10;1;0;3;0;2;1;1;22;0;1;7;2
;;6;Veldkamp, R.B.J.;422;2;0;0;2;1;2;0;3;1;2;0;0;0;113;122;36;1;1;0;1;1;0;2;1;0;2;0;3;0;1;0;1;2;0;0;46;0;0;0;0;3;0;0;70;0;2;1;0
;;7;van Hal, D.J.M.;68;0;0;0;3;0;0;0;0;0;0;0;0;0;19;23;2;0;0;0;0;1;0;0;0;0;0;0;0;0;1;0;0;0;0;0;6;0;0;0;0;0;1;0;9;0;1;2;0
;;8;Spit, G.;96;10;3;2;1;2;5;0;6;1;3;3;0;0;2;0;0;0;1;6;6;2;3;0;3;6;4;0;2;0;2;0;0;4;0;0;2;1;0;0;4;5;1;1;0;1;2;0;2
;;9;te Kampe, W.;58;1;1;0;2;0;1;0;1;0;0;1;1;0;2;0;0;2;0;3;4;0;13;3;1;1;0;1;3;0;4;1;1;0;0;0;0;0;0;3;0;1;0;0;3;0;0;4;0
;;10;Leijten, H.A.J.M.;81;2;0;0;0;0;0;0;0;0;0;1;0;0;0;0;0;0;0;0;2;0;0;1;0;0;0;0;32;13;0;8;0;0;0;3;0;0;0;0;0;1;0;15;2;0;0;0;1
;;11;Veenes-Tomesen, I.B.W.M.;78;3;0;1;2;0;0;2;4;3;2;0;1;2;0;1;1;0;0;5;5;0;2;5;2;4;8;0;2;1;0;3;2;0;0;0;0;0;0;3;1;3;2;0;0;1;0;2;5
;;12;Bouwens, C.H.;38;0;0;2;1;0;1;1;1;1;2;0;0;0;0;1;0;1;1;6;3;1;2;1;1;0;0;0;0;0;1;0;0;0;0;1;0;0;0;0;0;1;2;0;2;1;0;3;1
;;13;Hendriks, H.J.;8;0;0;2;0;0;0;0;0;0;0;0;0;0;0;0;0;0;0;1;1;0;1;1;0;0;0;0;0;0;0;0;0;1;0;0;0;0;0;0;0;0;0;0;0;0;0;1;0
;;14;Emaus, J.W.T.;21;2;5;4;0;0;0;0;2;0;0;0;0;2;0;0;0;1;0;0;0;0;0;1;0;0;1;0;1;0;0;0;1;0;0;0;0;0;0;0;0;0;0;0;0;0;0;1;0
;;15;Baan, J.;49;0;0;4;0;0;0;0;0;0;0;0;0;1;0;0;0;0;0;4;1;0;4;3;0;1;0;23;0;0;0;0;2;1;0;0;0;0;0;2;0;0;1;0;0;0;0;2;0
;;16;Thus, S.M.;108;0;0;0;0;0;0;0;0;0;2;1;0;1;0;0;2;0;0;1;2;0;1;0;0;3;3;10;42;11;0;13;0;0;0;6;0;0;0;0;2;0;0;8;0;0;0;0;0
;;17;Ostendorp, H.M.;65;8;0;8;0;0;2;1;8;2;0;1;0;0;3;1;0;0;0;1;1;0;5;3;1;1;0;1;0;0;1;0;0;3;1;0;0;1;0;3;2;1;1;0;0;1;2;1;1
;;18;Drenth, P.C.;59;4;0;0;3;3;2;0;2;5;0;0;0;0;0;3;0;0;1;3;3;0;1;0;2;5;2;0;2;4;0;0;0;5;1;0;0;0;1;1;0;1;0;0;0;0;1;2;2
2;Partij van de Arbeid (P.v.d.A.);;;2820;204;47;112;88;82;159;32;92;22;61;116;47;59;62;43;19;43;86;67;80;25;88;93;94;44;86;38;39;20;17;11;55;98;31;16;31;19;27;71;18;109;29;16;53;29;36;83;23
;;1;op de Weegh, M.G.G.;1273;87;24;47;41;37;88;16;49;7;21;44;11;26;17;14;10;20;35;24;37;10;41;36;55;26;46;10;5;8;8;5;30;52;16;7;16;10;10;32;15;50;15;6;22;8;16;47;16
;;2;Teunissen, J.H.;514;29;7;21;7;12;19;10;14;7;13;22;11;13;15;4;5;9;19;17;17;7;19;20;15;8;20;7;2;3;6;1;12;14;5;2;6;3;4;16;0;22;8;2;8;9;9;14;1
;;3;Pontier, G.P.;233;18;4;22;6;13;20;0;5;1;2;9;5;2;7;3;1;7;8;4;7;2;6;10;4;2;2;4;2;0;0;1;3;9;2;1;2;3;4;7;0;7;2;2;1;2;3;7;1
;;4;Veldhuis, A.W.N.;138;11;1;8;2;4;8;1;5;4;2;5;1;4;2;2;1;1;4;4;4;0;4;5;7;1;3;2;2;1;0;0;1;6;3;0;1;0;0;6;1;6;2;0;3;0;2;8;0
;;5;Stel, A.E.;48;1;3;0;1;0;1;0;0;0;0;3;1;0;0;0;0;0;3;5;1;1;5;3;4;0;2;0;1;0;0;0;0;1;0;0;0;0;0;2;0;5;0;0;1;0;2;1;1
;;6;Dinç, S.;124;23;2;4;4;4;8;1;8;1;5;11;1;3;3;1;0;1;0;3;2;0;0;3;1;4;4;0;0;0;2;1;1;5;1;0;0;0;0;2;2;7;0;0;2;3;0;1;0
;;7;Isselman, R.G.W.;72;4;0;0;6;2;5;0;1;0;2;0;0;1;0;1;0;0;1;0;2;0;1;3;1;0;0;8;16;4;0;2;0;0;0;3;0;1;0;2;0;1;0;4;0;1;0;0;0
;;8;Yildiz, B.;124;6;0;1;4;7;0;2;5;0;9;8;13;1;4;2;0;1;3;5;2;1;4;5;1;1;9;0;0;0;1;1;6;0;3;0;2;0;2;3;0;3;0;0;2;4;0;1;2
;;9;van Eck, R.J.;23;3;0;0;1;0;1;0;0;0;3;3;0;1;1;0;0;1;1;0;0;0;1;0;1;0;0;0;1;0;0;0;0;0;0;0;0;1;0;0;0;2;1;0;1;0;0;0;0
;;10;Loeven, M.L.;24;2;0;0;1;1;0;0;1;0;1;0;1;2;0;0;0;0;1;0;0;0;0;1;1;1;0;2;0;0;0;0;0;0;0;1;1;1;0;1;0;0;0;1;0;1;1;1;1
;;11;Beks, H.J.;5;1;0;0;0;0;2;0;0;0;0;1;0;1;0;0;0;0;0;0;0;0;0;0;0;0;0;0;0;0;0;0;0;0;0;0;0;0;0;0;0;0;0;0;0;0;0;0;0
;;12;Hakvoort, V.;30;0;0;0;2;0;0;0;0;0;0;0;0;0;1;0;0;0;0;1;1;0;0;2;0;1;0;5;9;2;0;0;0;2;0;2;0;0;0;0;0;0;0;1;0;0;1;0;0
;;13;Ruckert, G.J.;7;0;0;0;0;0;0;0;0;0;0;3;0;0;0;0;0;0;0;0;0;0;0;1;0;0;0;0;0;0;0;0;2;0;0;0;0;0;0;0;0;1;0;0;0;0;0;0;0
;;14;Röttger, T.H.J.;3;0;0;0;0;0;1;0;0;0;0;0;0;0;0;0;0;0;0;1;0;0;0;0;1;0;0;0;0;0;0;0;0;0;0;0;0;0;0;0;0;0;0;0;0;0;0;0;0
;;15;Wullink, J.W.;10;0;0;0;0;0;0;0;0;0;0;0;0;0;0;0;0;0;5;1;1;0;0;1;0;0;0;0;0;0;0;0;0;0;1;0;0;0;0;0;0;0;1;0;0;0;0;0;0
;;16;van der Heiden, L.C.;59;7;0;0;1;0;1;0;0;0;0;1;0;1;10;15;2;0;0;0;1;0;0;0;0;0;0;0;0;0;0;0;0;4;0;0;2;0;1;0;0;0;0;0;11;0;1;1;0
;;17;Larsen, J.;11;0;0;2;6;0;0;0;0;0;0;0;1;0;0;0;0;0;0;0;0;0;0;0;0;0;0;0;0;2;0;0;0;0;0;0;0;0;0;0;0;0;0;0;0;0;0;0;0
;;18;Huisman, J.;11;0;0;2;0;0;0;0;0;1;0;0;0;2;0;0;0;0;3;0;1;0;0;0;0;0;0;0;0;0;0;0;0;0;0;0;0;0;0;0;0;1;0;0;0;1;0;0;0
;;19;Meijer, J.A.C.;4;0;0;0;0;0;0;0;0;0;0;0;0;0;0;0;0;0;2;0;0;2;0;0;0;0;0;0;0;0;0;0;0;0;0;0;0;0;0;0;0;0;0;0;0;0;0;0;0
;;20;Kock, M.A.;50;5;3;3;1;1;1;1;1;0;3;0;0;2;2;1;0;1;1;1;2;0;5;3;0;0;0;0;0;0;0;0;0;2;0;0;0;0;6;0;0;2;0;0;1;0;0;1;1
;;21;Kroon, S.;57;7;3;2;5;1;4;1;3;1;0;6;2;0;0;0;0;2;0;1;2;2;2;0;3;0;0;0;1;0;0;0;0;3;0;0;1;0;0;0;0;2;0;0;1;0;1;1;0
3;VVD;;;2807;206;35;81;38;33;94;18;137;76;45;88;28;46;58;90;24;33;42;113;95;37;74;58;89;96;95;88;72;46;48;46;69;73;27;34;17;14;24;36;23;103;42;27;28;8;38;68;47
;;1;Dales, H.;1575;108;29;62;30;24;56;15;84;34;22;46;15;33;26;44;10;25;22;66;52;27;44;38;49;53;52;24;27;16;27;17;43;46;18;8;13;9;17;21;15;60;21;9;18;5;20;46;29
;;2;Wijers, M.J.G.;92;15;1;3;1;3;3;0;4;10;1;5;1;1;3;1;2;0;3;3;4;2;1;1;3;0;2;2;0;2;1;1;4;0;0;1;0;0;0;0;0;2;4;1;0;0;0;1;0
;;3;Hummelink, R.G.M.;151;11;1;0;1;1;7;0;5;0;0;9;2;1;3;2;2;2;7;3;8;5;4;6;7;10;7;2;6;3;3;2;3;2;0;0;0;2;3;1;3;6;2;1;0;0;3;2;3
;;4;Winters, G.J.M.;353;34;2;8;1;2;17;1;30;3;10;14;3;2;7;9;1;4;5;16;12;1;12;7;12;14;21;3;0;2;10;1;11;15;3;2;0;1;2;4;2;21;7;1;1;1;3;8;7
;;5;van Pul, C.F.P.M.;230;6;0;2;2;1;2;1;0;2;2;0;2;1;3;0;0;0;1;2;2;1;2;4;3;9;2;49;37;19;0;25;1;3;0;22;1;1;0;0;1;1;1;14;0;0;1;4;0
;;6;Boerman, F.J.O.;22;3;0;0;0;0;1;0;1;0;3;0;0;1;0;0;0;0;1;3;0;0;1;1;0;0;0;0;0;0;0;0;1;0;0;0;0;1;0;1;0;3;0;0;0;0;1;0;0
;;7;Eversen, B.;21;0;0;0;0;0;0;0;2;0;0;1;2;0;0;1;0;1;0;1;2;0;1;0;2;1;0;1;0;1;0;0;0;0;0;0;0;0;0;0;1;0;0;0;0;0;2;1;1
;;8;de Haan, M.L.;143;9;2;5;0;1;3;1;8;3;2;9;2;3;2;6;1;0;3;5;11;1;4;1;2;6;3;3;1;1;3;0;4;7;3;1;0;0;2;5;0;5;3;1;0;1;3;4;3
;;9;van Ingen, J.J.M.;9;2;0;0;0;0;0;0;0;0;1;0;0;1;0;1;0;0;0;0;1;0;0;0;0;0;1;0;1;0;0;0;0;0;0;0;0;0;0;0;0;1;0;0;0;0;0;0;0
;;10;Verhoeven, A.J.;120;8;0;1;0;1;2;0;1;24;0;0;0;1;13;23;8;0;0;2;1;0;0;0;5;3;3;4;0;0;2;0;1;0;0;0;2;0;0;1;0;0;0;0;9;0;2;1;2
;;11;Botteram, A.B.J.M.;49;4;0;0;3;0;3;0;2;0;3;3;0;0;0;2;0;1;0;7;2;0;2;0;1;0;3;0;0;0;0;0;0;0;0;0;0;0;0;3;1;3;3;0;0;0;1;1;1
;;12;Nieboer, R.A.;42;6;0;0;0;0;0;0;0;0;1;1;1;2;1;1;0;0;0;5;0;0;3;0;5;0;1;0;0;2;2;0;1;0;3;0;1;0;0;0;0;1;1;0;0;1;2;0;1
4;SP (Socialistische Partij);;;1901;124;15;96;62;56;125;9;52;9;44;56;43;33;54;40;9;26;46;49;71;35;65;66;33;39;59;36;51;23;15;5;33;55;11;10;24;4;9;63;18;62;26;11;33;18;16;47;15
;;1;Knipping, J.;934;63;8;40;31;30;58;5;33;6;14;28;17;19;27;20;6;14;24;27;29;20;37;31;18;12;32;8;28;4;8;3;16;26;5;6;16;4;6;25;9;33;14;7;18;6;12;22;9
;;2;Stinissen - Bergervoet, B.J.;420;20;5;31;12;17;16;1;8;2;10;20;15;5;12;9;1;7;7;10;20;9;13;16;8;12;11;2;10;3;1;1;7;11;1;3;5;0;2;21;5;14;6;0;7;5;3;11;5
;;3;Faber, M.C.;164;10;0;15;7;3;9;1;4;0;3;3;3;3;4;8;1;3;9;3;7;4;6;9;3;2;4;1;1;2;3;0;5;5;2;0;0;0;0;7;2;4;2;0;2;2;0;2;0
;;4;Diepenbroek, E.A.;50;6;1;4;1;3;4;0;1;0;1;1;0;1;2;0;0;0;0;0;1;0;2;1;1;2;0;1;3;0;1;0;0;3;0;0;1;0;0;2;1;3;0;0;0;2;1;0;0
;;5;Schlüter, U.;11;3;0;0;0;0;0;0;0;0;1;0;0;0;2;0;0;0;0;1;2;0;0;0;0;0;0;0;0;0;0;0;0;0;0;0;0;0;0;1;0;0;0;0;1;0;0;0;0
;;6;de Waal, J.;15;1;0;0;0;1;1;0;0;0;1;1;1;1;1;0;0;0;0;0;1;0;1;2;0;0;0;0;0;0;0;0;0;0;0;0;0;0;0;0;0;2;0;0;0;0;0;1;0
;;7;van der Putten, L.J.H.;9;0;0;0;1;0;0;0;0;0;0;0;0;0;0;1;0;0;0;2;2;0;2;0;0;0;0;0;0;0;0;0;0;0;0;0;0;0;0;1;0;0;0;0;0;0;0;0;0
;;8;ten Cate, M.;28;2;0;1;3;0;0;0;3;1;1;1;0;1;0;1;0;1;0;0;2;0;1;0;1;0;1;0;0;0;0;0;0;1;2;0;0;0;0;0;0;2;0;0;3;0;0;0;0
;;9;Hissink, R.J.;22;1;0;1;0;1;3;0;0;0;2;0;2;0;0;1;0;0;1;0;2;0;0;0;0;1;0;1;0;0;0;0;3;1;0;0;0;0;0;1;0;0;0;0;1;0;0;0;0
;;10;Legebeke, E.J.;43;1;0;0;1;0;23;0;0;0;0;0;0;1;0;0;0;0;2;0;1;1;0;2;0;5;0;0;0;0;0;0;1;1;0;0;0;0;0;0;1;1;0;0;0;0;0;2;0
;;11;Riković, D.;9;1;0;0;0;0;0;1;0;0;0;0;1;0;0;0;0;0;0;1;0;0;0;0;0;0;0;0;0;0;1;0;0;4;0;0;0;0;0;0;0;0;0;0;0;0;0;0;0
;;12;Ketels, J.H.J.;2;0;0;0;0;0;0;0;0;0;0;0;0;0;0;0;0;0;0;0;0;0;0;0;0;0;0;0;0;0;0;0;0;0;0;0;0;0;0;1;0;1;0;0;0;0;0;0;0
;;13;Kemperman, P.H.M.;36;1;1;0;0;0;1;0;0;0;8;0;2;0;2;0;1;1;1;1;1;0;0;0;1;3;3;1;0;0;1;0;0;0;0;0;1;0;0;2;0;0;1;0;0;1;0;2;0
;;14;Bosman, H.M.M.;24;2;0;1;1;0;4;1;0;0;1;0;0;0;0;0;0;0;0;2;1;1;2;0;0;0;1;0;0;0;0;0;1;1;1;0;1;0;0;1;0;1;1;0;0;0;0;0;0
;;15;Rütten - Kemperman, M.E.G.;61;1;0;0;1;1;1;0;1;0;0;0;1;0;2;0;0;0;1;0;0;0;0;0;0;0;2;21;9;13;0;1;0;0;0;1;0;0;0;0;0;1;0;4;0;0;0;0;0
;;16;Wartenberg, N.S.;14;4;0;0;2;0;0;0;1;0;0;0;0;1;0;0;0;0;1;0;1;0;0;2;0;0;0;0;0;0;0;0;0;1;0;0;0;0;0;0;0;0;0;0;1;0;0;0;0
;;17;Boerwinkel, E.M.J.;59;8;0;3;2;0;5;0;1;0;2;2;1;1;2;0;0;0;0;2;1;0;1;3;1;2;5;1;0;1;0;0;0;1;0;0;0;0;1;1;0;0;2;0;0;2;0;7;1
5;D66;;;1942;134;34;74;30;21;93;14;102;21;26;77;24;46;30;36;17;30;56;69;60;17;70;58;76;42;56;29;28;28;31;14;33;54;28;13;14;14;13;40;14;88;33;12;28;10;20;60;25
;;1;Huizinga, E.J.;1003;78;22;34;15;9;48;7;48;8;14;45;14;15;13;19;8;20;25;39;31;11;44;23;38;20;26;9;11;8;18;5;19;29;15;9;12;10;6;21;9;55;15;6;21;4;8;30;9
;;2;Ketting, E.R.;487;28;7;24;9;5;25;4;32;9;4;19;3;16;11;8;4;3;13;17;14;4;12;19;16;13;17;7;5;4;8;4;11;10;9;0;2;3;5;12;3;20;10;0;4;4;5;17;8
;;3;Hebels, M.;19;3;0;0;0;0;0;0;1;0;0;1;1;0;0;0;0;0;1;1;1;0;0;2;1;1;0;0;1;0;0;0;0;2;0;0;0;0;0;1;0;0;0;0;0;0;0;1;1
;;4;Mullink, J.G.A.;77;3;0;1;1;1;1;0;7;0;0;1;1;0;1;0;0;2;1;0;0;0;1;2;1;1;0;10;8;12;0;4;0;2;0;4;0;0;0;1;1;2;0;6;1;0;0;1;0
;;5;Hollander, R.A.H.;37;5;2;2;1;0;1;0;0;1;0;0;1;1;0;0;0;0;0;0;3;1;3;3;0;1;0;0;1;2;0;1;0;2;0;0;0;0;1;0;0;2;1;0;0;1;1;0;0
;;6;Feege, F.;19;1;0;1;0;0;1;0;1;0;0;0;0;1;0;0;0;0;4;1;1;0;4;0;1;1;0;0;0;0;0;0;0;2;0;0;0;0;0;0;0;0;0;0;0;0;0;0;0
;;7;van de Groep, J.W.;21;0;0;3;0;1;0;0;0;1;0;0;0;0;0;0;0;0;0;0;1;0;1;0;6;1;0;0;0;2;0;0;0;0;1;0;0;0;0;0;0;1;1;0;0;0;2;0;0
;;8;Hoegee, E.;8;1;0;0;3;0;0;0;0;0;0;0;0;2;1;0;0;0;0;0;0;0;0;0;0;0;0;0;0;0;1;0;0;0;0;0;0;0;0;0;0;0;0;0;0;0;0;0;0
;;9;Maatman, W.;66;1;0;5;1;2;3;2;0;2;0;4;2;4;2;2;0;0;8;3;5;0;0;2;2;1;2;0;0;0;1;0;0;1;0;0;0;0;1;0;0;1;1;0;1;0;1;5;1
;;10;van Vilsteren, T.M.W.;25;2;1;2;0;0;0;0;0;0;0;0;0;0;0;1;0;0;1;1;1;0;1;2;1;0;4;0;1;0;0;0;0;1;0;0;0;0;0;0;0;2;1;0;0;0;1;0;2
;;11;Sluijter, P.;34;3;0;0;0;0;4;0;0;0;5;2;0;0;0;0;0;2;0;3;0;0;3;1;0;0;3;0;0;0;0;0;2;1;0;0;0;0;0;0;0;1;3;0;0;0;0;1;0
;;12;Prein, J.M.H.;10;0;0;0;0;0;1;0;1;0;0;0;0;0;0;0;0;2;0;0;1;0;0;0;2;0;0;0;0;0;0;0;0;0;0;0;0;0;0;0;0;0;1;0;0;0;0;2;0
;;13;Gerritsen, J.C.;76;3;2;2;0;1;4;0;6;0;0;3;1;6;1;6;5;1;2;1;2;1;1;1;5;2;0;1;1;0;1;0;1;3;1;0;0;1;0;3;0;2;0;0;1;1;1;3;0
;;14;Jurriens, J.A.;12;1;0;0;0;0;1;0;0;0;1;1;0;0;0;0;0;0;0;1;0;0;0;0;3;0;0;0;0;0;0;0;0;0;1;0;0;0;0;2;0;0;0;0;0;0;1;0;0
;;15;Boers, B.C.;5;0;0;0;0;0;2;0;0;0;0;0;0;0;0;0;0;0;1;1;0;0;0;1;0;0;0;0;0;0;0;0;0;0;0;0;0;0;0;0;0;0;0;0;0;0;0;0;0
;;16;Wenneker, A.M.;28;2;0;0;0;2;2;1;2;0;2;1;1;1;1;0;0;0;0;1;0;0;0;0;0;0;3;1;0;0;0;0;0;1;1;0;0;0;0;0;1;2;0;0;0;0;0;0;3
;;17;Herngreen, W.P.;15;3;0;0;0;0;0;0;4;0;0;0;0;0;0;0;0;0;0;0;0;0;0;2;0;1;1;1;0;0;2;0;0;0;0;0;0;0;0;0;0;0;0;0;0;0;0;0;1
6;GROENLINKS;;;1886;135;37;78;32;36;87;9;115;27;25;74;25;52;47;42;16;32;48;41;41;20;62;55;38;38;56;27;37;28;18;18;42;51;29;11;21;13;18;44;12;58;22;13;41;25;15;55;20
;;1;Linger, M.I.;1321;88;33;58;25;22;59;6;81;18;20;51;19;34;25;25;4;30;27;34;34;12;45;38;27;20;34;17;28;25;17;14;30;40;20;9;13;9;16;30;11;41;14;11;29;11;12;38;17
;;2;Daamen, D.E.;75;2;1;0;1;0;1;1;0;1;1;0;0;0;15;12;6;1;1;1;0;3;1;1;0;0;4;2;0;0;0;0;0;1;0;0;5;0;1;0;0;2;0;0;10;0;0;0;1
;;3;Nonkes, E.J.;70;7;0;4;2;1;5;0;4;1;0;0;0;2;1;2;4;0;2;0;1;0;2;1;1;0;4;1;2;0;0;0;0;2;2;0;0;2;0;7;0;1;3;0;0;2;1;3;0
;;4;van der Walle, J.;39;1;0;0;1;2;1;0;4;0;0;3;0;2;0;0;1;0;0;0;0;2;1;1;1;0;0;1;0;0;0;0;0;3;2;0;0;1;0;0;0;5;1;0;1;0;1;4;0
;;5;Wesselink, M.;144;15;2;6;2;3;7;1;4;1;1;10;0;3;3;2;0;0;9;1;2;1;7;5;3;6;4;2;3;3;1;3;4;2;4;2;1;0;0;2;0;4;2;0;0;6;1;6;0
;;6;Haverkamp, G.H.M.;10;2;0;1;0;0;0;0;0;0;0;0;0;0;0;0;0;0;0;0;0;1;0;0;0;0;0;3;0;0;0;0;0;0;0;0;0;0;0;2;1;0;0;0;0;0;0;0;0
;;7;Huijbregts, K.M.L.;13;1;0;0;0;3;1;0;0;0;0;5;0;0;0;0;0;0;0;0;0;1;0;1;0;0;0;0;0;0;0;0;0;0;0;0;0;0;1;0;0;0;0;0;0;0;0;0;0
;;8;Bruggink, B.;49;3;0;3;0;2;4;0;3;4;0;0;0;0;0;0;1;1;0;2;1;0;0;0;0;7;1;0;2;0;0;0;6;1;0;0;1;0;0;0;0;3;1;1;0;0;0;0;2
;;9;Flach, W.;34;5;0;1;1;1;4;1;5;1;0;1;0;1;1;0;0;0;0;1;0;0;0;0;4;0;0;0;1;0;0;0;1;0;0;0;1;1;0;0;0;0;0;0;0;1;0;2;0
;;10;Nijhuis, G.J.R.;4;0;0;2;0;0;0;0;0;0;0;0;0;0;0;0;0;0;0;1;0;0;0;0;0;0;0;0;0;0;0;0;0;0;0;0;0;0;0;0;0;0;0;0;0;1;0;0;0
;;11;van Haaren, A.A.M.;9;2;0;0;0;0;0;0;0;0;0;1;0;0;0;0;0;0;0;0;0;0;1;2;0;0;3;0;0;0;0;0;0;0;0;0;0;0;0;0;0;0;0;0;0;0;0;0;0
;;12;Beijer, L.J.A.;16;1;0;0;0;0;2;0;2;0;1;0;0;2;0;0;0;0;0;0;0;0;0;0;0;0;0;0;0;0;0;1;0;1;1;0;0;0;0;0;0;2;0;0;0;2;0;1;0
;;13;Heerenveen, M.H.;41;3;0;0;0;0;2;0;5;0;0;1;2;1;2;0;0;0;9;1;0;0;3;2;0;5;2;0;0;0;0;0;0;1;0;0;0;0;0;1;0;0;0;0;0;0;0;1;0
;;14;Kamphuis, S.M.H.;22;2;1;1;0;2;0;0;0;1;0;0;0;3;0;0;0;0;0;0;2;0;0;1;2;0;2;1;0;0;0;0;0;0;0;0;0;0;0;2;0;0;0;1;1;0;0;0;0
;;15;Westerdiep, J.T.;14;1;0;1;0;0;0;0;1;0;0;2;4;2;0;1;0;0;0;0;0;0;1;0;0;0;0;0;0;0;0;0;0;0;0;0;0;0;0;0;0;0;0;0;0;1;0;0;0
;;16;Langeveld, F.H.T.;25;2;0;1;0;0;1;0;6;0;2;0;0;2;0;0;0;0;0;0;1;0;1;3;0;0;2;0;1;0;0;0;1;0;0;0;0;0;0;0;0;0;1;0;0;1;0;0;0
7;GemeenteBelangen Doetinchem (GBD);;;2278;147;20;67;51;58;102;14;96;18;36;64;50;61;44;45;7;48;70;68;77;38;154;60;62;80;94;20;25;32;42;5;63;44;19;4;8;14;18;62;24;51;31;13;17;13;29;72;41
;;1;Moors, PJAOM;1052;73;13;24;25;25;47;6;38;11;19;33;16;25;21;20;3;16;28;36;34;18;78;25;30;34;53;9;12;14;20;4;35;28;8;2;1;7;5;33;12;23;10;5;5;8;5;36;19
;;2;Giesen - Hulst, R L;691;51;3;24;6;7;29;2;18;6;10;15;14;23;18;18;3;18;20;24;25;9;54;23;17;15;23;9;7;15;11;0;18;12;11;2;6;2;4;19;5;23;18;3;5;3;8;19;16
;;3;Zaaijer, MRM;157;9;0;6;13;16;4;0;16;0;2;3;8;4;0;2;0;3;4;2;4;5;8;6;3;0;4;1;1;0;6;0;1;0;0;0;0;0;6;2;0;0;0;0;1;1;8;8;0
;;4;Kasteleijn, EJM;27;1;0;0;0;0;0;0;0;0;1;1;1;2;1;0;0;1;3;0;3;1;1;0;0;0;1;0;1;0;1;0;0;0;0;0;0;1;0;0;0;0;0;0;4;0;2;1;0
;;5;Mullink, R;68;1;0;1;0;6;4;3;9;0;0;2;2;2;0;0;0;5;2;0;1;3;4;1;1;2;2;0;1;0;0;1;2;0;0;0;1;0;1;2;1;0;2;2;0;0;4;0;0
;;6;Tuankhruea, S;31;0;1;2;0;0;1;0;1;0;0;1;0;1;1;0;0;0;0;1;0;1;3;2;0;1;1;1;1;0;2;0;2;0;0;0;0;0;0;0;3;0;0;1;1;0;0;3;0
;;7;Wissing, FGM;51;2;2;1;3;1;2;0;3;0;0;1;0;2;1;1;0;1;11;2;2;0;0;0;2;4;2;0;0;1;1;0;0;2;0;0;0;0;0;2;1;1;0;0;0;0;0;0;0
;;8;Menkhorst, M;58;2;0;5;2;1;0;1;4;0;2;2;1;1;0;1;1;2;1;1;2;0;2;3;3;4;3;0;0;1;0;0;0;0;0;0;0;2;0;2;0;1;1;0;1;1;1;3;1
;;9;van den Toren, P;17;1;0;2;0;2;2;0;0;0;0;0;0;0;1;1;0;0;0;0;1;0;0;0;1;1;0;0;0;0;0;0;0;0;0;0;0;2;0;0;1;0;0;1;0;0;0;0;1
;;10;Walstra, FWR;73;6;1;2;1;0;6;1;5;0;2;5;4;1;0;0;0;2;0;2;4;1;4;0;4;7;1;0;1;0;0;0;3;2;0;0;0;0;0;1;1;2;0;0;0;0;0;1;3
;;11;van Heteren, JF;53;1;0;0;1;0;7;1;2;1;0;1;4;0;1;2;0;0;1;0;1;0;0;0;1;12;4;0;1;1;1;0;2;0;0;0;0;0;2;1;0;1;0;1;0;0;1;1;1
8;ChristenUnie-SGP;;;1037;36;9;66;36;11;58;9;48;40;9;51;22;164;5;6;4;2;13;28;10;7;22;31;18;4;26;13;7;5;11;2;17;21;11;1;6;41;10;24;3;21;21;8;1;42;11;24;2
;;1;Bulten, H.G.;573;22;2;34;17;5;27;4;18;22;6;32;13;119;2;3;0;2;4;10;5;1;12;16;11;1;12;8;2;1;5;0;6;14;9;1;3;34;5;8;1;8;11;2;1;28;3;22;1
;;2;Pijning-Kurpershoek, S.M.;169;4;1;10;8;1;13;1;15;6;2;7;2;16;0;0;0;0;3;7;4;2;2;6;3;2;7;0;1;1;2;1;7;3;2;0;1;0;2;11;1;2;3;0;0;4;5;1;0
;;3;Ebbers, T.;54;8;0;1;2;2;1;0;3;1;0;4;2;9;0;0;0;0;0;0;0;0;0;0;0;0;2;3;0;0;1;0;0;0;0;0;0;4;3;0;1;0;0;4;0;2;1;0;0
;;4;de Jong, M.E.;2;0;0;0;0;0;0;0;0;0;0;0;0;0;0;0;0;0;0;0;0;2;0;0;0;0;0;0;0;0;0;0;0;0;0;0;0;0;0;0;0;0;0;0;0;0;0;0;0
;;5;Lenselink, M.C.;35;0;0;3;1;1;2;0;1;2;0;0;2;5;0;0;0;0;1;2;0;0;1;1;1;0;1;0;1;0;0;0;3;0;0;0;0;2;0;0;0;3;0;0;0;2;0;0;0
;;6;van den Akker-Stamhuis, C.;28;1;0;7;0;0;1;0;2;1;0;0;1;0;2;0;0;0;1;0;0;0;2;1;1;0;1;0;0;0;1;0;0;0;0;0;1;0;0;0;0;3;2;0;0;0;0;0;0
;;7;Bulten, J.C.;7;0;0;0;0;0;0;2;1;0;0;1;0;1;0;0;0;0;0;0;0;0;0;0;0;0;0;0;1;0;1;0;0;0;0;0;0;0;0;0;0;0;0;0;0;0;0;0;0
;;8;Laban-Bulten, B.H.;34;1;0;2;4;0;5;0;1;2;1;0;0;4;0;1;3;0;0;2;0;1;1;0;1;0;0;0;0;0;1;0;0;0;0;0;0;0;0;0;0;1;1;0;0;1;1;0;0
;;9;Mulder, F.;16;0;0;0;0;0;0;0;0;1;0;2;0;3;0;0;0;0;0;0;0;0;1;0;0;0;0;2;1;3;0;1;0;0;0;0;0;0;0;0;0;0;0;2;0;0;0;0;0
;;10;Rutjes-ten Holder, M.J.;24;0;2;2;0;2;0;0;1;0;0;1;2;0;0;0;0;0;0;1;0;0;2;3;0;1;0;0;0;0;0;0;1;2;0;0;0;0;0;1;0;2;0;0;0;1;0;0;0
;;11;Wiltink, A.;10;0;2;0;0;0;1;0;0;2;0;1;0;0;0;0;0;0;0;0;0;0;0;0;0;0;0;0;0;0;0;0;0;0;0;0;0;0;0;2;0;1;0;0;0;1;0;0;0
;;12;de Kreek, M.;18;0;1;2;0;0;2;2;2;0;0;0;0;1;0;0;0;0;4;1;0;0;0;2;0;0;0;0;0;0;0;0;0;0;0;0;0;0;0;0;0;0;0;0;0;0;1;0;0
;;13;Hendriksen, H.H.J.;6;0;0;2;1;0;0;0;0;1;0;0;0;0;0;0;0;0;0;0;0;0;1;0;0;0;0;0;0;0;0;0;0;0;0;0;0;0;0;0;0;0;1;0;0;0;0;0;0
;;14;Luiten, J.H.;16;0;1;3;0;0;0;0;2;0;0;0;0;0;1;2;0;0;0;0;0;0;0;1;0;0;2;0;0;0;0;0;0;0;0;0;1;0;0;2;0;0;1;0;0;0;0;0;0
;;15;Verhulst, P.;8;0;0;0;0;0;0;0;2;0;0;0;0;3;0;0;0;0;0;0;0;0;0;0;0;0;0;0;0;0;0;0;0;0;0;0;0;1;0;0;0;0;2;0;0;0;0;0;0
;;16;Ebbers-Wiltink, J.C.A.;16;0;0;0;0;0;1;0;0;2;0;3;0;0;0;0;1;0;0;0;1;1;0;0;1;0;1;0;1;0;0;0;0;1;0;0;0;0;0;0;0;0;0;0;0;2;0;0;1
;;17;van Toor, B.W.;21;0;0;0;3;0;5;0;0;0;0;0;0;3;0;0;0;0;0;5;0;0;0;1;0;0;0;0;0;0;0;0;0;1;0;0;0;0;0;0;0;1;0;0;0;1;0;1;0
9;Lokaal Belang Doetinchem;;;1487;106;15;58;36;32;75;8;78;10;22;44;19;27;58;38;8;30;37;53;43;14;75;55;33;42;64;17;30;26;22;14;26;15;12;6;7;13;4;26;8;55;19;6;10;8;18;39;26
;;1;Hendriksen, J.;877;63;7;37;15;20;47;6;54;7;17;19;8;11;31;21;3;18;25;35;25;9;38;32;21;29;28;10;17;17;13;11;15;13;8;3;3;8;2;17;2;31;13;4;3;6;16;27;12
;;2;Giesbers, H.P.M.;91;0;2;3;1;0;7;0;2;1;1;3;2;2;3;5;0;0;2;2;7;2;5;4;1;2;7;4;2;1;1;0;1;0;1;0;0;0;0;3;5;2;3;1;0;0;0;1;2
;;3;Lenters, P.C.;39;3;0;3;2;1;4;0;0;0;0;0;1;1;2;0;1;3;1;2;0;0;2;1;0;2;4;0;0;0;0;0;0;0;0;0;0;0;0;4;0;1;0;0;0;0;0;0;1
;;4;van de Weijer, J.E.;25;7;0;0;1;0;0;0;1;0;1;0;0;0;1;1;0;3;0;1;0;0;1;3;0;0;1;0;1;0;0;0;1;0;1;0;0;0;0;0;0;1;0;0;0;0;0;0;0
;;5;ter Bogt, A.P.M.;60;0;1;4;2;2;4;0;0;0;0;10;1;4;8;0;1;0;1;0;1;0;0;0;0;1;2;0;2;2;0;0;1;1;0;0;3;4;0;0;0;2;0;0;1;1;0;0;1
;;6;van den Dikkenberg, K.;205;11;2;4;10;5;10;2;18;1;3;7;6;2;11;5;0;3;3;7;5;0;13;7;6;1;8;1;2;6;6;3;8;0;1;3;0;0;1;0;0;9;2;1;0;1;1;4;6
;;7;Traag, W.J.M.;32;5;0;1;1;0;2;0;1;1;0;0;0;0;1;1;0;0;0;1;2;0;2;2;0;0;2;1;1;0;0;0;0;0;1;0;0;1;1;0;0;4;0;0;0;0;1;0;0
;;8;ter Bogt, J.M.;108;14;3;3;0;2;0;0;0;0;0;5;1;6;0;3;1;3;4;4;3;2;12;4;3;6;8;0;4;0;2;0;0;1;0;0;1;0;0;2;0;3;0;0;2;0;0;4;2
;;9;Lenters, I.;50;3;0;3;4;2;1;0;2;0;0;0;0;1;1;2;2;0;1;1;0;1;2;2;2;1;4;1;1;0;0;0;0;0;0;0;0;0;0;0;1;2;1;0;4;0;0;3;2
10;Partij voor Lokaal Maatwerk (PvLM);;;2440;58;13;33;29;20;46;10;43;26;38;28;25;32;111;109;35;20;31;46;24;28;49;38;34;25;32;217;417;136;16;98;21;25;10;64;54;7;9;33;8;44;18;95;80;13;13;51;28
;;1;Putman, J.H.A.;1674;37;9;27;19;14;30;7;23;5;22;13;11;15;13;21;3;12;22;36;18;19;44;29;21;19;27;193;388;112;11;90;9;14;8;58;7;7;9;26;6;31;9;90;15;9;10;40;16
;;2;Ooms, R.;153;10;1;4;4;4;8;0;4;0;9;9;9;12;1;2;1;3;4;7;4;3;2;5;2;2;0;1;0;5;1;0;5;4;0;0;0;0;0;4;1;6;5;0;1;1;1;6;2
;;3;Evers-Berkelder, R.J.;304;3;1;0;2;0;0;2;5;19;4;0;2;0;71;59;21;1;3;0;1;1;0;1;0;0;1;3;2;0;0;0;0;3;0;0;39;0;0;0;1;2;0;0;52;0;2;0;3
;;4;Langenkamp, G.;56;4;2;0;1;0;3;0;4;0;0;1;0;5;0;1;2;0;0;0;0;3;2;2;4;1;0;1;0;1;1;0;1;1;1;0;0;0;0;1;0;2;0;0;0;3;0;4;5
;;5;Meijer-ter Voert, M.J.G.H.;70;0;0;0;2;1;1;0;1;0;1;1;0;0;15;20;3;1;0;1;0;1;0;0;0;0;2;0;0;2;0;0;0;0;0;0;5;0;0;0;0;1;0;0;10;0;0;1;1
;;6;Pasman, M.;45;0;0;1;0;0;3;0;4;2;2;1;3;0;0;0;0;2;1;0;0;1;0;1;4;0;1;3;2;0;2;0;4;1;1;0;1;0;0;0;0;2;2;0;0;0;0;0;1
;;7;Volman-Putman, J.A.H.;52;1;0;0;1;0;1;0;1;0;0;0;0;0;0;1;2;1;1;1;1;0;0;0;2;1;0;4;12;9;1;3;2;0;0;1;0;0;0;2;0;0;2;1;1;0;0;0;0
;;8;Meijer, L.J.W.M.;27;3;0;0;0;0;0;0;1;0;0;0;0;0;10;5;3;0;0;0;0;0;0;0;0;0;1;0;0;1;0;0;0;0;0;0;2;0;0;0;0;0;0;0;1;0;0;0;0
;;9;Boxstart, J.A.;59;0;0;1;0;1;0;1;0;0;0;3;0;0;1;0;0;0;0;1;0;0;1;0;1;2;0;12;13;6;0;5;0;2;0;5;0;0;0;0;0;0;0;4;0;0;0;0;0
11;Forum voor Democratie;;;989;68;1;40;42;28;54;12;54;9;24;30;38;25;36;36;17;26;29;23;42;9;32;38;22;16;30;13;36;19;9;11;13;11;6;2;5;3;0;13;5;19;2;3;7;2;8;8;13
;;1;van Meijeren, L.;680;46;1;27;31;18;36;10;29;6;15;20;30;16;25;21;12;19;25;18;29;5;23;28;13;12;21;9;25;12;5;7;10;8;4;2;2;1;0;11;3;14;2;1;5;1;7;7;8
;;2;Kostelac, N.;31;4;0;1;0;1;2;0;0;0;1;2;1;0;0;3;0;0;0;2;1;0;0;3;1;0;1;1;0;1;0;0;0;2;0;0;0;1;0;0;0;2;0;0;1;0;0;0;0
;;3;Franschman, J.D.;35;3;0;0;0;1;6;0;3;0;1;2;3;0;0;0;0;2;0;0;2;1;0;2;1;0;2;0;0;2;0;0;3;0;0;0;0;0;0;0;0;1;0;0;0;0;0;0;0
;;4;Olzheim, S.A.R.H.;32;1;0;0;4;0;2;0;4;0;2;0;2;0;2;0;1;2;2;0;1;0;2;1;3;2;0;1;0;0;0;0;0;0;0;0;0;0;0;0;0;0;0;0;0;0;0;0;0
;;5;de Wit, A.;31;1;0;0;1;0;2;0;1;0;0;2;0;0;3;5;2;0;0;1;4;0;0;1;1;0;0;0;1;1;0;0;0;0;0;0;2;0;0;2;0;0;0;0;1;0;0;0;0
;;6;van Meijeren, G.F.C.;180;13;0;12;6;8;6;2;17;3;5;4;2;9;6;7;2;3;2;2;5;3;7;3;3;2;6;2;10;3;4;4;0;1;2;0;1;1;0;0;2;2;0;2;0;1;1;1;5
