Verkiezing;;Gemeenteraad Ridderkerk 2022;;;;;;;;;;;;;;;;;;;;;;;;;;;;;;;;;;;;
Datum;;2022-03-16;;;;;;;;;;;;;;;;;;;;;;;;;;;;;;;;;;;;
Gebied;;Gemeente Ridderkerk;;;;;;;;;;;;;;;;;;;;;;;;;;;;;;;;;;;;
Nummer;;0597;;;;;;;;;;;;;;;;;;;;;;;;;;;;;;;;;;;;
;;;;;;;;;;;;;;;;;;;;;;;;;;;;;;;;;;;;;;
Lijstnummer;Aanduiding;Volgnummer;Naam kandidaat;Totaal;Gemeentehuis;Sint Jorisparochie;Gymzaal P.C. Hooftstraat;Gasterij de Ontmoeting;Sporthal De Wissel;Kerk de Levensbron;Trefpunt Oost;Wilhelminakerk;WVC Slikkerveer;Muziekvereniging Harmonie Slikkerveer;Boezemkerk;WVC Bolnes;De Klinker;Kerk PG Bolnes;De Korenbloem;Opstandingskerk Rijsoord;Kerk Rijsoord;Sporthal Drievliet;Sionskerk;Clubgebouw Rowdies;Verpleeghuis Salem;'t Ronde Sant;Gymzaal naast OBS de Piramide;Christus is Koningkerk;Ichthuskerk;Goede Herderkerk;Gemeentehuis MAANDAG;Wilhelminakerk MAANDAG;Opstandingskerk Rijsoord MAANDAG;Clubgebouw Rowdies MAANDAG;Gemeentehuis DINSDAG;Wilhelminakerk DINSDAG;Opstandingskerk Rijsoord DINSDAG;Clubgebouw Rowdies DINSDAG
Gebiednummer;;;;;1;2;3;4;5;6;8;9;10;11;13;14;15;16;17;18;19;20;21;22;23;24;25;26;27;28;101;109;118;122;201;209;218;222
Postcode;;;;;2981 EA;2982 PE;2985 BK;2982 BD;2982 CM;2985 BV;2985 CG;2983 SH;2983 AT;2983 CL;2987 AK;2987 CR;2987 AV;2987 AK;2989 AW;2988 BB;2988 BA;2986 GK;2984 BW;2986 AE;2986 AZ;2984 GK;2981 AX;2983 HK;2986 GH;2982 BT;2981 EA;2983 SH;2988 BB;2986 AE;2981 EA;2983 SH;2988 BB;2986 AE
;opgeroepenen;;;37883;1228;1169;1107;1223;1246;2666;1672;1575;987;1261;1466;1866;1589;1510;545;1033;1325;1546;2116;1067;1109;1805;1163;1539;2847;1223;0;0;0;0;0;0;0;0
;geldige stempas;;;16774;937;283;189;583;192;854;1048;554;491;807;286;1002;396;438;276;492;357;393;255;324;263;793;304;789;1330;411;533;243;180;201;736;340;197;297
;geldig volmachtbewijs;;;2069;126;39;26;54;28;91;0;83;75;86;30;123;66;56;31;76;52;57;30;42;21;110;40;109;186;60;66;49;21;37;92;53;23;31
;geldige kiezerspas;;;893;0;0;0;0;0;0;0;0;0;893;0;0;0;0;0;0;0;0;0;0;0;0;0;0;0;0;0;0;0;0;0;0;0;0
;toegelaten kiezers;;;18843;1063;322;215;637;220;945;1048;637;566;893;316;1125;462;494;307;568;409;450;285;366;284;903;344;898;1516;471;599;292;201;238;828;393;220;328
;geldige stembiljetten;;;18791;1059;321;215;633;220;944;1047;635;565;892;312;1125;459;489;302;567;409;447;285;364;284;903;341;895;1516;471;595;292;201;238;825;393;219;328
;blanco stembiljetten;;;26;3;0;0;4;0;0;1;0;1;1;2;1;1;3;1;1;0;2;0;1;0;0;2;2;0;0;0;0;0;0;0;0;0;0
;ongeldige stembiljetten;;;26;1;1;0;0;0;0;0;2;0;0;2;1;2;2;4;0;0;1;0;1;0;0;1;0;0;0;4;0;0;0;3;0;1;0
;aangetroffen stembiljetten;;;18843;1063;322;215;637;220;944;1048;637;566;893;316;1127;462;494;307;568;409;450;285;366;284;903;344;897;1516;471;599;292;201;238;828;393;220;328
;meer stembiljetten dan toegelaten kiezers;;;2;0;0;0;0;0;0;0;0;0;0;0;2;0;0;0;0;0;0;0;0;0;0;0;0;0;0;0;0;0;0;0;0;0;0
;minder stembiljetten dan toegelaten kiezers;;;2;0;0;0;0;0;1;0;0;0;0;0;0;0;0;0;0;0;0;0;0;0;0;0;1;0;0;0;0;0;0;0;0;0;0
;kiezers met stembiljet hebben niet gestemd;;;1;0;0;0;0;0;0;0;0;0;0;0;0;0;0;0;0;0;0;0;0;0;0;0;1;0;0;0;0;0;0;0;0;0;0
;er zijn te weinig stembiljetten uitgereikt;;;0;0;0;0;0;0;0;0;0;0;0;0;0;0;0;0;0;0;0;0;0;0;0;0;0;0;0;0;0;0;0;0;0;0;0
;er zijn te veel stembiljetten uitgereikt;;;1;0;0;0;0;0;0;0;0;0;0;0;0;0;0;1;0;0;0;0;0;0;0;0;0;0;0;0;0;0;0;0;0;0;0
;geen verklaring;;;3;0;0;0;0;0;1;0;0;0;0;0;2;0;0;0;0;0;0;0;0;0;0;0;0;0;0;0;0;0;0;0;0;0;0
;andere verklaring;;;0;0;0;0;0;0;0;0;0;0;0;0;0;0;0;0;0;0;0;0;0;0;0;0;0;0;0;0;0;0;0;0;0;0;0
1;Partij 18PLUS;;;4205;270;82;57;117;62;154;221;164;157;232;77;271;122;95;32;110;47;137;90;90;38;248;68;228;317;77;108;62;22;54;159;127;37;73
;;1;van Os, H.;2459;150;48;41;65;39;90;130;88;85;137;51;189;70;47;21;55;31;84;53;48;28;134;44;117;193;44;63;29;15;35;104;64;22;45
;;2;Westbroek, L.M.P.;112;13;3;2;1;2;4;6;3;4;5;1;8;0;2;0;2;0;1;2;2;0;13;1;6;6;2;2;4;0;1;5;9;0;2
;;3;Stip, F.;651;37;14;5;17;11;29;42;24;25;40;15;24;13;20;4;24;4;22;16;16;4;48;4;39;52;10;15;9;4;9;20;17;9;9
;;4;de Vormer - Ras, V.B.;72;2;2;0;1;0;3;1;2;2;2;2;2;2;1;1;2;0;2;1;2;0;6;2;9;5;2;2;3;0;0;4;4;0;5
;;5;van Neuren, J.;149;10;2;2;10;6;5;5;9;7;8;3;8;6;0;0;6;6;6;4;3;2;9;0;5;9;2;4;0;0;3;5;1;0;3
;;6;Stip, J.;56;3;0;2;0;1;1;7;0;5;0;0;2;1;0;0;1;1;0;3;3;0;1;1;5;4;1;0;6;0;0;2;3;2;1
;;7;Griep, S.;79;7;4;0;0;0;0;4;4;1;3;1;6;5;1;1;5;0;4;2;4;0;5;2;2;8;0;2;1;0;0;2;3;1;1
;;8;Sluimers, J.;50;1;0;0;4;0;0;5;1;1;4;0;2;1;1;0;11;4;1;1;1;3;1;0;3;0;2;1;0;0;0;1;0;0;1
;;9;Gerritse, W.;42;5;0;3;2;0;2;2;0;2;1;2;0;1;2;0;0;0;1;0;0;1;2;1;2;2;0;2;0;0;2;1;1;2;3
;;10;Mathlener, E.;56;4;1;0;2;0;1;1;5;3;2;0;2;4;2;3;0;0;0;0;0;0;0;3;7;4;1;0;2;0;0;0;7;0;2
;;11;Bekebrede, K.;38;2;1;0;0;1;0;0;2;3;7;1;0;8;1;0;1;0;0;0;0;0;2;1;2;2;0;2;1;0;0;0;1;0;0
;;12;Mathlener, M.;22;2;0;0;0;0;0;0;2;2;3;1;0;4;0;0;0;0;0;0;2;0;1;1;2;1;0;0;0;0;0;0;1;0;0
;;13;Gerritse, H.W.;26;1;2;0;0;0;1;0;0;0;1;0;0;0;0;2;0;0;1;0;0;0;2;1;3;2;3;0;3;0;1;0;3;0;0
;;14;de Vormer, J.;52;6;0;1;4;1;1;2;7;1;3;0;3;0;1;0;1;0;1;0;2;0;5;0;2;2;2;1;0;0;0;4;2;0;0
;;15;van Bennekom, R.;55;2;0;0;1;0;5;2;6;0;0;0;4;1;0;0;1;0;4;3;2;0;4;1;2;8;3;2;0;0;1;2;0;0;1
;;16;Kanters - van Wingerden, M.R.N.;21;5;0;0;0;0;1;0;0;4;2;0;0;0;0;0;0;0;2;0;0;0;1;1;0;0;1;3;0;0;0;0;1;0;0
;;17;Koelewijn, J.;18;1;0;0;3;0;0;3;2;0;0;0;1;2;2;0;0;0;0;0;0;0;1;1;2;0;0;0;0;0;0;0;0;0;0
;;18;Anakotta, F.R.;105;11;3;0;3;0;6;8;1;4;5;0;11;1;10;0;0;0;6;0;2;0;4;2;4;9;3;3;0;0;2;4;3;0;0
;;19;Vijfvinkel, E.;44;2;1;0;0;0;0;1;3;5;1;0;1;1;0;0;0;1;0;2;2;0;6;0;5;7;1;0;0;2;0;1;2;0;0
;;20;Berlijn, H.B.C.;3;0;0;0;1;0;0;0;0;0;0;0;1;0;0;0;0;0;0;0;0;0;0;0;0;0;0;0;0;0;0;0;0;1;0
;;21;Barendse, W.;4;0;0;0;0;0;0;0;0;0;0;0;0;0;1;0;0;0;1;0;1;0;0;0;0;1;0;0;0;0;0;0;0;0;0
;;22;van den Hoek, M.T.;22;1;0;0;2;0;0;0;0;0;0;0;0;1;0;0;0;0;0;0;0;0;2;0;6;1;0;4;1;0;0;0;4;0;0
;;23;Sterenborg, G.P.W.F.;4;1;0;0;0;0;0;0;0;0;0;0;0;0;2;0;0;0;0;0;0;0;0;0;1;0;0;0;0;0;0;0;0;0;0
;;24;van Os, S.F.;35;3;1;1;1;1;2;0;1;1;6;0;3;0;1;0;0;0;0;3;0;0;0;1;4;0;0;2;3;0;0;1;0;0;0
;;25;Alderliesten, J.W.;30;1;0;0;0;0;3;2;4;2;2;0;4;1;1;0;1;0;1;0;0;0;1;1;0;1;0;0;0;1;0;3;1;0;0
2;Partij van de Arbeid (P.v.d.A.) / GROENLINKS;;;2689;187;54;32;95;18;115;133;74;90;126;44;197;67;82;33;41;34;84;41;38;29;128;37;111;274;27;99;46;31;44;145;46;21;66
;;1;Rijsdijk, J.;1093;59;24;16;56;6;45;50;27;28;42;19;95;29;33;13;22;11;38;12;19;17;46;16;36;110;11;51;19;7;14;67;15;6;34
;;2;Ros, B.A.;143;10;4;3;2;2;8;4;4;11;13;0;3;4;2;0;0;0;3;1;3;2;8;0;7;23;2;5;1;0;2;8;2;1;5
;;3;Ripmeester, A.P.S.;678;48;13;6;20;4;30;39;23;19;26;11;37;12;22;14;10;8;16;18;8;5;33;9;43;70;10;12;13;8;14;33;19;7;18
;;4;Dirks, M.M.;209;22;4;2;2;2;13;8;5;6;11;6;10;6;11;1;4;7;6;2;2;3;7;2;6;15;2;9;1;9;3;13;6;2;1
;;5;Kramer-Blansjaar, E.C.;46;5;0;0;2;0;2;2;1;0;3;0;6;1;2;0;2;1;2;1;0;0;1;1;1;2;0;0;1;3;0;2;0;4;1
;;6;Horváth, S.;112;14;1;0;2;0;4;4;3;0;12;1;6;4;1;2;0;2;0;3;3;1;15;1;6;9;0;2;5;0;5;3;2;0;1
;;7;den Haan, Y.;27;4;0;0;2;0;2;2;2;0;1;0;7;0;1;0;0;0;0;0;0;0;1;1;1;2;0;1;0;0;0;0;0;0;0
;;8;van Vonderen, C.B.;12;1;2;0;0;0;0;2;0;1;1;0;0;1;0;0;0;0;1;0;0;0;0;0;0;1;1;0;0;0;0;0;0;0;1
;;9;Veerman, G.Y.;17;0;0;0;0;0;1;2;0;1;0;1;0;0;1;0;0;0;0;0;1;0;2;0;1;0;0;4;0;1;0;2;0;0;0
;;10;Dirks, R.;2;0;0;0;0;0;0;0;0;0;0;1;0;0;0;0;0;0;0;0;0;0;0;0;0;1;0;0;0;0;0;0;0;0;0
;;11;Lems, R.;13;1;1;0;0;0;1;0;1;1;3;0;1;0;0;0;0;0;0;0;0;0;2;0;0;1;0;0;0;0;0;1;0;0;0
;;12;Kamsteeg, M.;12;2;0;0;0;0;0;0;0;3;0;0;0;0;1;0;0;0;2;0;0;0;0;0;0;0;0;0;0;0;0;4;0;0;0
;;13;van der Linden, L.;24;0;1;0;1;0;1;4;1;3;1;1;0;0;0;1;0;0;2;0;0;0;1;0;0;5;0;0;1;0;0;0;0;1;0
;;14;Ouwens, A.;19;1;0;0;0;0;0;3;1;0;1;0;0;1;0;0;0;0;0;1;0;1;3;1;0;5;0;0;0;0;0;1;0;0;0
;;15;van Loghem, M.E.;14;1;0;0;0;0;0;2;0;3;0;0;0;0;0;0;0;0;3;0;0;0;1;0;0;0;0;3;0;0;0;1;0;0;0
;;16;Habib, S.;102;14;2;1;3;2;3;4;4;4;7;2;7;3;5;1;1;3;5;1;0;0;2;5;5;8;0;3;0;0;2;4;1;0;0
;;17;Soffree, J.;74;2;0;2;2;0;0;3;2;5;1;1;12;5;1;0;0;0;1;0;2;0;1;1;5;11;0;6;1;0;4;4;0;0;2
;;18;Bosman, G.H.;2;0;0;0;0;0;0;0;0;0;0;1;0;0;0;0;0;0;0;0;0;0;0;0;0;1;0;0;0;0;0;0;0;0;0
;;19;van den Bergh, R.N.;12;0;1;0;0;0;1;0;0;2;0;0;0;0;0;0;0;2;0;0;0;0;0;0;0;0;0;2;0;3;0;0;1;0;0
;;20;Buis, G.;7;0;0;0;0;0;0;0;0;0;2;0;5;0;0;0;0;0;0;0;0;0;0;0;0;0;0;0;0;0;0;0;0;0;0
;;21;Nuis, I.;40;1;0;2;2;1;4;3;0;2;1;0;0;0;2;1;1;0;4;2;0;0;5;0;0;5;0;0;1;0;0;1;0;0;2
;;22;Zwiers, H.J.;6;1;0;0;0;0;0;0;0;0;1;0;2;0;0;0;1;0;0;0;0;0;0;0;0;0;0;0;1;0;0;0;0;0;0
;;23;van Houcke, H.C.M.;3;0;0;0;0;0;0;0;0;0;0;0;2;0;0;0;0;0;0;0;0;0;0;0;0;0;1;0;0;0;0;0;0;0;0
;;24;Hitzert, M.A.;22;1;1;0;1;1;0;1;0;1;0;0;4;1;0;0;0;0;1;0;0;0;0;0;0;5;0;1;2;0;0;1;0;0;1
3;Staatkundig Gereformeerde Partij (SGP);;;2967;136;51;23;152;30;200;188;121;86;120;32;83;44;31;124;100;102;17;45;36;115;94;98;147;164;128;92;57;39;25;153;63;44;27
;;1;Kardol, J.D.;2089;92;32;16;109;23;135;147;86;70;94;22;66;33;19;92;63;65;13;34;26;78;71;64;114;105;89;59;40;16;21;103;38;32;22
;;2;Rottier, A.J.;76;5;0;3;9;1;8;3;3;0;0;0;1;0;0;1;3;0;1;4;0;11;1;1;3;6;4;4;0;0;1;3;0;0;0
;;3;van der Duijn Schouten, C.A.;259;17;5;2;10;3;21;18;6;5;7;9;2;4;7;5;5;12;0;2;0;11;11;10;10;15;15;8;3;5;1;16;9;4;1
;;4;Verweij, G.M.;69;1;2;0;3;0;0;4;4;5;2;0;1;1;0;3;3;9;0;0;0;1;1;7;3;2;0;2;1;7;0;4;1;2;0
;;5;van de Waerdt, C.J.;60;7;3;1;3;0;3;0;2;1;3;0;0;0;0;2;2;0;1;0;2;5;2;2;0;3;4;2;0;0;0;6;2;3;1
;;6;van Zwienen, T.;33;4;1;0;3;3;0;0;0;0;0;0;0;2;2;0;0;1;0;0;0;2;0;1;0;5;6;2;0;0;0;1;0;0;0
;;7;Smit, C.;17;0;0;0;1;0;0;0;1;0;1;0;0;0;0;1;1;1;0;0;0;2;0;1;0;1;1;2;3;0;0;0;1;0;0
;;8;den Besten, A.J.;27;0;0;1;0;0;9;2;0;0;0;0;1;0;0;4;0;0;0;0;0;1;0;4;0;4;0;0;0;1;0;0;0;0;0
;;9;Schipper, K.;16;1;1;0;0;0;0;1;1;0;1;0;2;1;1;0;0;0;0;1;0;0;0;0;1;0;0;1;1;0;0;2;1;0;0
;;10;Leenheer, E.P.;15;0;0;0;1;0;2;1;1;0;0;1;2;0;0;0;0;0;0;1;0;1;0;0;1;1;1;1;0;0;0;1;0;0;0
;;11;van 't Zelfde, A.J.;56;4;0;0;1;0;7;5;0;0;3;0;1;1;1;1;6;4;1;1;2;0;1;2;1;1;2;2;3;2;0;3;0;0;1
;;12;Teeuw, A.A.;50;1;0;0;1;0;4;1;5;1;0;0;1;0;0;7;2;3;0;1;1;1;3;2;0;7;3;0;3;1;1;1;0;0;0
;;13;Veldhoen, M.;24;0;0;0;4;0;0;0;2;0;1;0;0;2;1;0;1;0;0;0;0;0;1;0;4;0;0;1;1;0;0;4;2;0;0
;;14;Haksteeg, H.W.;27;0;0;0;2;0;1;0;0;2;0;0;0;0;0;0;2;0;1;0;4;1;0;0;1;2;0;3;0;0;0;6;0;0;2
;;15;Lagendijk, J.;31;1;0;0;0;0;0;3;2;1;6;0;3;0;0;2;0;0;0;1;0;1;1;1;0;3;1;2;0;0;0;0;3;0;0
;;16;Roodenburg, C.A.;28;2;1;0;0;0;3;3;2;0;2;0;0;0;0;0;3;3;0;0;0;0;1;0;1;1;2;2;2;0;0;0;0;0;0
;;17;van Luik, W.T.;14;0;0;0;1;0;2;0;3;1;0;0;0;0;0;0;0;0;0;0;0;0;0;0;2;4;0;0;0;0;1;0;0;0;0
;;18;van Eijsden, A.;1;0;0;0;0;0;0;0;1;0;0;0;0;0;0;0;0;0;0;0;0;0;0;0;0;0;0;0;0;0;0;0;0;0;0
;;19;Beverloo, J.;8;1;0;0;0;0;1;0;0;0;0;0;0;0;0;6;0;0;0;0;0;0;0;0;0;0;0;0;0;0;0;0;0;0;0
;;20;Kranendonk, P.;67;0;6;0;4;0;4;0;2;0;0;0;3;0;0;0;9;4;0;0;1;0;1;3;6;4;0;1;0;7;0;3;6;3;0
4;Echt voor Ridderkerk;;;1571;76;41;10;60;18;59;94;48;51;84;38;137;64;49;17;42;28;43;28;22;12;78;23;58;131;25;62;15;10;14;78;19;10;27
;;1;van Vliet, C.;1145;48;25;9;46;15;46;68;33;36;60;31;92;47;37;13;33;22;29;20;17;9;53;18;38;96;24;43;10;9;11;57;18;9;23
;;2;Kloos, J.W.;72;7;2;1;4;0;2;3;3;1;2;0;9;2;1;1;0;1;2;1;2;0;5;1;7;6;0;3;2;0;0;4;0;0;0
;;3;van de Wege- van der Does de Bye, T.;70;5;2;0;3;0;0;6;2;2;1;1;3;2;2;0;1;1;3;2;1;1;9;0;2;13;0;5;0;1;0;1;0;0;1
;;4;Žigić, E.;78;4;8;0;0;0;2;4;4;4;9;1;11;3;3;0;3;1;3;0;0;0;3;0;4;2;1;3;1;0;0;1;0;0;3
;;5;van Loon, J.R.;38;3;0;0;2;0;3;3;1;1;2;1;2;0;4;1;1;0;1;0;1;0;0;0;1;1;0;3;2;0;0;4;1;0;0
;;6;Schop, Q.;26;4;1;0;1;0;3;0;1;1;2;2;2;1;0;0;0;0;1;1;0;0;1;0;1;1;0;0;0;0;0;3;0;0;0
;;7;Kloos, M.G.J.;11;0;0;0;1;2;0;0;1;0;1;0;0;1;0;0;0;0;1;0;0;0;0;0;0;2;0;0;0;0;0;2;0;0;0
;;8;van de Wege, A.M.;4;0;0;0;1;0;0;1;0;0;0;1;1;0;0;0;0;0;0;0;0;0;0;0;0;0;0;0;0;0;0;0;0;0;0
;;9;Klootwijk, E.;39;0;2;0;0;0;2;2;1;3;3;0;6;3;0;2;2;1;0;1;0;0;1;0;4;3;0;0;0;0;1;1;0;1;0
;;10;Broekhuizen, H.;20;1;1;0;1;0;0;2;1;0;0;1;2;0;0;0;1;0;0;0;0;1;0;0;0;4;0;2;0;0;2;1;0;0;0
;;11;Žigić-Stal, T.;13;0;0;0;1;0;0;2;0;2;0;0;2;0;1;0;0;0;1;0;0;0;1;0;0;0;0;1;0;0;0;2;0;0;0
;;12;Vogel, A.T.;12;0;0;0;0;0;1;2;0;1;1;0;0;1;0;0;0;1;0;0;0;0;3;0;0;1;0;1;0;0;0;0;0;0;0
;;13;Eijs, M.;9;0;0;0;0;0;0;0;0;0;1;0;0;3;1;0;0;1;0;0;0;0;1;1;0;1;0;0;0;0;0;0;0;0;0
;;14;van Dongen, P.A.;13;3;0;0;0;0;0;1;0;0;2;0;4;0;0;0;0;0;0;1;0;0;1;1;0;0;0;0;0;0;0;0;0;0;0
;;15;Koets, C.J.;8;0;0;0;0;0;0;0;0;0;0;0;2;1;0;0;1;0;0;1;0;0;0;2;1;0;0;0;0;0;0;0;0;0;0
;;16;Tibboel, P.H.;13;1;0;0;0;1;0;0;1;0;0;0;1;0;0;0;0;0;2;1;1;1;0;0;0;1;0;1;0;0;0;2;0;0;0
5;CDA;;;1356;64;17;13;69;21;93;70;42;33;59;17;88;30;44;14;56;23;21;11;14;8;65;22;79;119;43;40;27;28;19;40;15;31;21
;;1;Overheid, T.;737;21;5;6;45;16;56;39;16;13;29;8;53;16;22;7;37;18;11;6;8;3;37;10;45;66;20;18;13;20;12;14;8;22;17
;;2;Mijnders, N.V.;114;10;4;0;2;0;11;4;2;6;13;1;4;2;1;1;2;3;1;0;2;0;8;1;6;15;3;3;2;0;1;4;0;1;1
;;3;van der Heijde-Keijzer, M.;126;2;3;3;4;2;5;3;6;5;9;0;12;5;4;1;6;1;0;3;2;2;4;0;10;9;2;7;2;3;0;3;4;3;1
;;4;Belo, N.A.;6;0;0;0;0;0;2;0;0;0;1;0;0;0;0;0;0;0;0;0;0;0;1;0;0;2;0;0;0;0;0;0;0;0;0
;;5;Hulhoven, J.F.;18;0;3;0;1;0;0;1;0;0;0;0;1;0;0;0;0;0;1;0;0;0;1;0;0;0;7;1;0;0;1;1;0;0;0
;;6;de Klerk, P.;50;0;0;0;1;1;5;4;1;0;1;0;2;1;1;3;3;0;1;0;2;1;3;2;3;6;0;1;1;1;1;2;2;0;1
;;7;Bilik, V.;74;24;2;0;2;0;0;7;0;0;0;2;1;0;0;1;0;0;3;0;0;0;3;6;0;7;3;0;1;0;0;12;0;0;0
;;8;Bontenbal, W.;8;0;0;0;0;0;0;0;0;0;2;0;0;2;0;0;0;0;1;0;0;0;0;0;3;0;0;0;0;0;0;0;0;0;0
;;9;Kleiker, M.;18;2;0;0;0;0;4;2;1;0;1;0;0;0;1;0;0;0;0;0;0;0;0;0;1;0;1;0;2;0;1;0;0;1;1
;;10;Verhaar, J.J.;15;0;0;1;0;0;0;2;6;1;0;0;0;0;0;0;0;0;1;0;0;0;0;1;1;0;2;0;0;0;0;0;0;0;0
;;11;Breeman-Tack, J.S.;10;0;0;0;1;1;2;0;0;0;0;0;1;0;0;0;0;0;0;0;0;1;0;0;1;0;0;0;0;0;1;2;0;0;0
;;12;Hulleman, H.;11;0;0;0;1;0;4;2;0;0;0;0;0;0;0;0;0;0;0;0;0;0;0;0;0;0;0;0;0;3;0;0;0;1;0
;;13;Huisman, J.;45;1;0;0;0;1;0;2;5;4;0;0;2;0;1;0;1;0;0;0;0;0;4;0;2;11;0;4;3;0;0;1;1;2;0
;;14;Luijendijk, J.;25;0;0;0;2;0;0;0;0;0;0;4;4;3;7;0;0;0;0;0;0;0;0;0;2;1;0;0;2;0;0;0;0;0;0
;;15;van Laak, Y.D.E.;3;0;0;0;0;0;1;0;0;0;0;0;0;0;1;0;0;0;0;0;0;0;0;0;0;0;1;0;0;0;0;0;0;0;0
;;16;de Klerk, A.;6;0;0;0;0;0;0;0;0;0;0;0;0;0;0;1;3;0;0;0;0;0;0;0;0;0;2;0;0;0;0;0;0;0;0
;;17;van Oosten, A.E.;2;0;0;0;0;0;0;0;0;0;1;0;0;0;0;0;0;0;0;0;0;0;0;0;0;1;0;0;0;0;0;0;0;0;0
;;18;de Groot, J.P.C.;1;0;0;1;0;0;0;0;0;0;0;0;0;0;0;0;0;0;0;0;0;0;0;0;0;0;0;0;0;0;0;0;0;0;0
;;19;Onderdelinden, W.P.;23;0;0;0;7;0;0;0;4;1;0;0;4;0;2;0;0;0;0;0;0;0;0;1;1;1;0;1;1;0;0;0;0;0;0
;;20;Kruithof, L.;8;0;0;0;0;0;1;1;0;0;0;0;1;0;0;0;0;0;0;0;0;1;1;0;1;0;0;0;0;1;0;1;0;0;0
;;21;Breeman, D.;5;0;0;2;0;0;0;0;0;0;0;0;0;0;0;0;0;0;0;0;0;0;0;1;0;0;2;0;0;0;0;0;0;0;0
;;22;Meij, P.W.J.;51;4;0;0;3;0;2;3;1;3;2;2;3;1;4;0;4;1;2;2;0;0;3;0;3;0;0;5;0;0;2;0;0;1;0
6;Leefbaar Ridderkerk;;;1985;149;27;35;43;23;81;104;65;61;75;53;149;59;74;17;63;36;57;25;65;15;93;31;74;169;29;63;26;20;25;92;33;9;45
;;1;Kayadoe, K.J.;1112;88;14;29;26;9;43;61;40;42;46;24;80;24;45;12;19;17;34;14;38;8;48;15;48;102;15;34;12;7;14;55;25;3;21
;;2;Lapaer, R.A.;113;8;0;0;0;0;1;9;2;2;3;3;4;4;6;1;27;2;3;1;0;0;5;4;2;7;1;2;1;4;0;2;0;6;3
;;3;Swarttouw, R.J.;114;2;2;0;2;0;2;5;2;0;1;5;32;11;3;2;2;1;2;2;3;2;7;2;4;12;1;0;0;0;1;3;1;0;2
;;4;van Nieuwenhuizen-Boon, G.D.;101;8;0;2;0;1;9;4;0;1;6;4;13;6;3;0;3;2;2;1;1;0;4;0;4;5;3;2;3;5;1;3;3;0;2
;;5;Nugteren, T.;114;13;1;0;5;10;3;3;4;4;4;0;2;4;4;0;2;7;4;0;3;0;4;1;3;8;3;6;1;2;1;11;0;0;1
;;6;Roelofs, N.;47;2;3;0;1;0;7;2;0;0;1;3;1;1;0;0;3;1;1;1;0;0;8;0;3;2;1;1;1;0;0;2;0;0;2
;;7;Ouwens, M.A.T.;61;8;7;0;0;0;2;2;3;2;4;0;1;2;1;0;0;0;0;2;1;1;3;1;4;7;0;4;0;0;0;2;1;0;3
;;8;Kroeze, A.A.M.;96;4;0;3;3;1;7;9;3;1;2;2;1;2;5;2;2;2;3;0;8;0;5;0;2;12;0;1;0;0;3;8;0;0;5
;;9;Ouwens-Batenburg, J.W.;48;1;0;0;2;2;3;1;1;0;1;0;2;2;0;0;2;1;3;1;7;1;4;0;0;5;2;0;0;0;5;0;0;0;2
;;10;Mulder, W.J.W.;17;1;0;0;0;0;2;6;1;0;1;0;0;0;1;0;0;0;0;0;0;0;1;0;0;0;0;2;0;0;0;2;0;0;0
;;11;Nugteren, A.H.;14;3;0;0;0;0;0;1;1;0;0;0;2;0;0;0;0;0;1;0;0;0;0;1;0;1;0;1;0;1;0;1;0;0;1
;;12;Ouwens, M.;39;2;0;0;3;0;2;0;1;0;2;2;1;0;3;0;1;0;1;1;3;2;1;1;1;2;1;1;2;1;0;2;1;0;2
;;13;Neuschwander, B.;48;2;0;1;1;0;0;0;3;8;3;1;1;2;0;0;0;2;0;2;0;0;2;1;3;4;1;4;5;0;0;0;2;0;0
;;14;van der Geest, J.C.J.;13;0;0;0;0;0;0;0;1;0;0;0;5;1;1;0;0;0;0;0;0;1;0;1;0;0;0;2;1;0;0;0;0;0;0
;;15;van der Geest, K.K.M.;48;7;0;0;0;0;0;1;3;1;1;9;4;0;2;0;2;1;3;0;1;0;1;4;0;2;1;3;0;0;0;1;0;0;1
7;ChristenUnie;;;1863;81;27;24;48;39;124;120;70;48;95;27;75;25;47;27;62;42;33;16;23;27;83;30;122;175;87;55;33;11;18;77;53;23;16
;;1;Kooijman, R.M.;925;37;13;17;36;22;67;51;33;21;49;16;40;13;11;13;26;24;17;8;11;11;26;18;59;88;49;28;20;11;9;37;23;16;5
;;2;de Wolff-ter Beek, P.;317;13;4;3;8;4;15;19;17;8;12;6;12;6;10;2;14;7;8;6;1;4;19;2;21;31;11;11;6;0;3;11;12;4;7
;;3;Alkema, T.A.;48;0;1;0;0;0;14;9;2;2;3;0;0;1;0;0;0;1;1;0;0;0;1;3;0;0;5;3;0;0;0;2;0;0;0
;;4;Haan, A.I.;43;2;0;0;1;1;0;0;3;1;5;0;5;0;0;2;1;2;0;1;2;0;2;0;2;2;2;1;2;0;0;1;4;0;1
;;5;van der Breggen-Donker, B.;52;3;0;1;2;0;0;6;2;0;4;0;2;2;8;1;4;2;1;0;0;2;0;0;1;6;0;2;0;0;0;2;0;0;1
;;6;Roskam-de Vreede, J.M.;25;2;1;0;0;1;0;1;1;0;1;0;1;0;0;0;1;0;0;0;0;0;2;0;3;4;1;1;1;0;1;2;1;0;0
;;7;Tanis, M.J.;42;3;1;0;0;0;2;3;0;0;0;0;0;0;0;4;1;0;0;0;1;5;8;0;0;11;0;2;0;0;0;1;0;0;0
;;8;Zegveld-den Bok, M.J.;17;1;2;0;0;0;0;5;0;0;1;0;0;0;0;0;0;2;0;0;0;0;0;0;3;1;0;0;0;0;0;0;2;0;0
;;9;Knape, C.;15;3;0;0;0;0;0;0;0;0;0;0;0;0;0;0;1;0;0;0;0;1;0;0;4;4;2;0;0;0;0;0;0;0;0
;;10;Vergunst, L.H.;65;4;1;0;0;0;7;2;6;4;10;0;0;0;6;0;0;0;1;0;2;3;4;1;0;1;0;2;0;0;0;6;3;1;1
;;11;Lagerwerf, J.J.;26;2;0;0;0;0;3;5;0;1;0;0;0;0;0;0;0;1;1;0;1;0;2;0;5;2;0;0;1;0;0;2;0;0;0
;;12;Leertouwer, S.D.;32;1;0;0;0;0;0;1;0;0;1;2;6;2;9;0;0;0;0;0;0;0;3;0;3;0;0;0;0;0;0;0;4;0;0
;;13;Houtman, E.E.;29;2;0;0;0;0;6;0;0;1;3;1;2;0;2;0;0;0;1;0;0;0;1;0;2;1;2;0;0;0;0;4;1;0;0
;;14;Botter, C.;14;0;0;0;0;0;0;0;1;0;1;0;0;0;0;3;0;0;0;0;0;0;0;0;5;2;1;0;0;0;0;0;0;1;0
;;15;Schrik, H.R.E.;42;0;0;0;0;0;0;6;4;0;0;0;0;0;0;1;2;0;1;0;0;0;5;1;2;4;7;1;3;0;2;2;0;0;1
;;16;van Nes, A.;14;2;0;0;0;2;2;1;0;1;0;0;0;0;0;0;0;0;0;1;0;0;0;0;1;2;0;1;0;0;1;0;0;0;0
;;17;Koornneef, M.C.;3;0;0;0;0;0;1;0;0;0;0;1;0;0;0;0;0;0;0;0;0;0;0;0;1;0;0;0;0;0;0;0;0;0;0
;;18;Tamerius-van Houten, B.;30;0;0;0;0;1;0;2;1;0;2;0;2;1;0;0;3;0;0;0;5;0;0;2;0;3;3;3;0;0;1;1;0;0;0
;;19;van den Hoek, J.M.M.;12;1;1;0;0;0;2;5;0;1;0;0;0;0;0;0;1;0;0;0;0;0;0;0;1;0;0;0;0;0;0;0;0;0;0
;;20;Bouman-de Ruiter, M.E.;19;0;0;0;1;2;0;3;0;1;0;0;1;0;1;0;1;2;0;0;0;0;3;0;1;1;0;0;0;0;0;1;1;0;0
;;21;van der Welle, L.M.;22;0;2;1;0;2;0;0;0;2;0;0;2;0;0;0;0;0;0;0;0;1;0;1;6;4;0;0;0;0;0;0;1;0;0
;;22;Louter, A.;7;0;0;0;0;0;0;1;0;0;0;0;0;0;0;0;0;0;0;0;0;0;4;0;0;0;1;0;0;0;0;0;0;1;0
;;23;Groeneveld, A.B.;14;0;1;0;0;0;1;0;0;3;1;0;0;0;0;1;3;0;0;0;0;0;1;0;0;1;2;0;0;0;0;0;0;0;0
;;24;van 't Zelfde, A.H.;15;1;0;2;0;3;0;0;0;1;1;1;0;0;0;0;0;0;0;0;0;0;0;2;0;3;1;0;0;0;0;0;0;0;0
;;25;Japenga, M.;35;4;0;0;0;1;4;0;0;1;1;0;2;0;0;0;4;1;2;0;0;0;2;0;2;4;0;0;0;0;1;5;1;0;0
8;VVD;;;1154;62;7;11;21;8;64;68;35;27;60;13;62;35;39;16;40;41;30;18;45;20;82;17;44;68;30;45;17;17;17;46;17;17;15
;;1;Piena, E.M.;613;29;5;4;13;2;34;44;19;14;28;3;39;15;20;13;19;27;11;10;21;9;44;6;25;30;15;28;11;12;9;24;10;12;8
;;2;Klaver, L.M.;261;14;1;3;2;5;16;18;11;5;14;5;16;5;13;1;12;5;9;2;9;1;15;4;13;14;6;9;5;3;3;14;4;2;2
;;3;Borst, M.J.;46;3;0;4;2;0;2;2;1;1;4;0;3;3;2;1;0;1;1;2;0;0;4;0;0;1;1;2;0;0;2;0;1;0;3
;;4;Ringlever, T.;98;11;0;0;1;0;3;0;0;5;9;0;0;1;2;1;1;1;7;2;7;6;11;6;0;12;4;4;0;0;1;0;0;2;1
;;5;Bakker, P.;17;2;0;0;1;0;5;0;1;0;1;0;0;1;0;0;2;0;0;0;1;0;1;0;0;0;0;0;0;0;0;1;0;1;0
;;6;van der Have, V.;11;0;0;0;0;0;0;0;1;0;2;0;0;1;2;0;0;2;0;0;0;1;0;0;0;0;2;0;0;0;0;0;0;0;0
;;7;Ketting-Huijgen, T.T.;30;1;0;0;0;0;1;4;0;0;2;3;1;1;0;0;1;1;1;2;1;1;4;1;0;0;0;1;0;0;0;1;2;0;1
;;8;van Dijk, N.;19;1;1;0;0;0;0;0;0;1;0;0;1;1;0;0;0;0;0;0;6;0;2;0;2;3;1;0;0;0;0;0;0;0;0
;;9;van der Valk, M.;19;0;0;0;1;0;1;0;0;0;0;0;0;1;0;0;0;1;0;0;0;0;1;0;1;4;1;0;1;2;2;3;0;0;0
;;10;Visser, J.D.;40;1;0;0;1;1;2;0;2;1;0;2;2;6;0;0;5;3;1;0;0;2;0;0;3;4;0;1;0;0;0;3;0;0;0
9;Burger op 1;;;1001;34;15;10;28;1;54;49;16;12;41;11;63;13;28;22;53;56;25;11;31;20;32;15;32;99;25;31;9;23;22;35;20;27;38
;;1;van Nes- de Man, P.J.;799;30;14;6;22;1;47;40;11;7;26;8;54;10;24;22;48;47;19;7;24;14;22;14;28;72;14;24;6;21;16;29;17;25;30
;;2;Weijers- van Woudenberg, M.;71;0;0;0;2;0;2;6;2;1;4;1;1;1;0;0;5;5;1;0;6;5;1;0;2;10;5;3;1;0;3;1;0;0;3
;;3;Coule, S.G.H.;21;1;1;0;2;0;0;0;1;2;0;0;0;0;0;0;0;1;1;0;0;0;0;0;0;4;1;3;2;0;0;2;0;0;0
;;4;Haringa, H.;14;0;0;0;0;0;0;1;0;2;0;0;2;0;1;0;0;0;0;1;0;0;2;0;0;3;2;0;0;0;0;0;0;0;0
;;5;Dam, W.;15;0;0;1;0;0;0;0;0;0;5;0;1;0;0;0;0;0;0;0;0;1;0;0;0;3;0;0;0;0;0;1;0;0;3
;;6;Kelderhuis- Kievit, G.W.;17;1;0;0;0;0;2;2;0;0;0;0;1;0;2;0;0;1;1;0;0;0;2;0;0;1;1;0;0;1;1;1;0;0;0
;;7;Klootwijk, W.;16;2;0;0;0;0;3;0;1;0;0;0;0;0;0;0;0;0;1;0;0;0;1;1;1;2;2;0;0;0;0;0;0;0;2
;;8;van Beek, B.;14;0;0;0;0;0;0;0;1;0;1;0;2;1;0;0;0;0;2;1;1;0;1;0;1;1;0;1;0;0;0;0;1;0;0
;;9;van der Staaij, M.;11;0;0;0;2;0;0;0;0;0;0;1;0;0;1;0;0;2;0;0;0;0;1;0;0;1;0;0;0;1;0;1;0;1;0
;;10;Bisdom, R.B.;23;0;0;3;0;0;0;0;0;0;5;1;2;1;0;0;0;0;0;2;0;0;2;0;0;2;0;0;0;0;2;0;2;1;0
